0,1
Aaron Ramsey,https://www.premierleague.com/players/48285/Aaron-Ramsey/stats?co=1&se=-1
Max Aarons,https://www.premierleague.com/players/19970/Max-Aarons/stats?co=1&se=-1
Abdul Rahman Baba,https://www.premierleague.com/players/13279/Abdul-Rahman-Baba/stats?co=1&se=-1
Tammy Abraham,https://www.premierleague.com/players/13286/Tammy-Abraham/stats?co=1&se=-1
Adam Armstrong,https://www.premierleague.com/players/9199/Adam-Armstrong/stats?co=1&se=-1
Che Adams,https://www.premierleague.com/players/10905/Che-Adams/stats?co=1&se=-1
Tayo Adaramola,https://www.premierleague.com/players/72541/Tayo-Adaramola/stats?co=1&se=-1
Adrián,https://www.premierleague.com/players/4852/Adri%C3%A1n/stats?co=1&se=-1
Sergio Agüero,https://www.premierleague.com/players/4328/Sergio-Ag%C3%BCero/stats?co=1&se=-1
Derek Agyakwa,https://www.premierleague.com/players/90665/Derek-Agyakwa/stats?co=1&se=-1
Ahmed El Mohamady,https://www.premierleague.com/players/4183/Ahmed-El-Mohamady/stats?co=1&se=-1
Rayan Aït-Nouri,https://www.premierleague.com/players/71432/Rayan-A%C3%AFt-Nouri/stats?co=1&se=-1
Kristoffer Ajer,https://www.premierleague.com/players/20113/Kristoffer-Ajer/stats?co=1&se=-1
Nathan Aké,https://www.premierleague.com/players/4499/Nathan-Ak%C3%A9/stats?co=1&se=-1
Marc Albrighton,https://www.premierleague.com/players/3564/Marc-Albrighton/stats?co=1&se=-1
Toby Alderweireld,https://www.premierleague.com/players/4916/Toby-Alderweireld/stats?co=1&se=-1
Ryan Alebiosu,https://www.premierleague.com/players/51480/Ryan-Alebiosu/stats?co=1&se=-1
Ajibola Alese,https://www.premierleague.com/players/20053/Ajibola-Alese/stats?co=1&se=-1
Alex Telles,https://www.premierleague.com/players/5467/Alex-Telles/stats?co=1&se=-1
Trent Alexander-Arnold,https://www.premierleague.com/players/14732/Trent-Alexander-Arnold/stats?co=1&se=-1
Ezgjan Alioski,https://www.premierleague.com/players/22698/Ezgjan-Alioski/stats?co=1&se=-1
Alisson,https://www.premierleague.com/players/20559/Alisson/stats?co=1&se=-1
Allan,https://www.premierleague.com/players/15994/Allan/stats?co=1&se=-1
Dele Alli,https://www.premierleague.com/players/9167/Dele-Alli/stats?co=1&se=-1
Miguel Almirón,https://www.premierleague.com/players/54312/Miguel-Almir%C3%B3n/stats?co=1&se=-1
Marcos Alonso,https://www.premierleague.com/players/4093/Marcos-Alonso/stats?co=1&se=-1
Jaime Alvarado,https://www.premierleague.com/players/51774/Jaime-Alvarado/stats?co=1&se=-1
Julián Álvarez,https://www.premierleague.com/players/52723/Juli%C3%A1n-%C3%81lvarez/stats?co=1&se=-1
Will Alves,https://www.premierleague.com/players/112742/Will-Alves/stats?co=1&se=-1
Steven Alzate,https://www.premierleague.com/players/20723/Steven-Alzate/stats?co=1&se=-1
Leon Bailey,https://www.premierleague.com/players/20489/Leon-Bailey/stats?co=1&se=-1
Eric Bailly,https://www.premierleague.com/players/12937/Eric-Bailly/stats?co=1&se=-1
Tiemoué Bakayoko,https://www.premierleague.com/players/11260/Tiemou%C3%A9-Bakayoko/stats?co=1&se=-1
Lewis Baker,https://www.premierleague.com/players/4749/Lewis-Baker/stats?co=1&se=-1
James Balagizi,https://www.premierleague.com/players/66607/James-Balagizi/stats?co=1&se=-1
Fabián Balbuena,https://www.premierleague.com/players/32435/Fabi%C3%A1n-Balbuena/stats?co=1&se=-1
Ellery Balcombe,https://www.premierleague.com/players/21317/Ellery-Balcombe/stats?co=1&se=-1
Gareth Bale,https://www.premierleague.com/players/3513/Gareth-Bale/stats?co=1&se=-1
Folarin Balogun,https://www.premierleague.com/players/19871/Folarin-Balogun/stats?co=1&se=-1
Tudor Baluta,https://www.premierleague.com/players/63655/Tudor-Baluta/stats?co=1&se=-1
Patrick Bamford,https://www.premierleague.com/players/4291/Patrick-Bamford/stats?co=1&se=-1
Beni Baningime,https://www.premierleague.com/players/14623/Beni-Baningime/stats?co=1&se=-1
Scott Banks,https://www.premierleague.com/players/74776/Scott-Banks/stats?co=1&se=-1
Shandon Baptiste,https://www.premierleague.com/players/24773/Shandon-Baptiste/stats?co=1&se=-1
Daniel Barden,https://www.premierleague.com/players/14426/Daniel-Barden/stats?co=1&se=-1
Phil Bardsley,https://www.premierleague.com/players/2517/Phil-Bardsley/stats?co=1&se=-1
Ross Barkley,https://www.premierleague.com/players/4115/Ross-Barkley/stats?co=1&se=-1
Ashley Barnes,https://www.premierleague.com/players/8246/Ashley-Barnes/stats?co=1&se=-1
Mason Barrett,https://www.premierleague.com/players/15185/Mason-Barrett/stats?co=1&se=-1
Louie Barry,https://www.premierleague.com/players/52960/Louie-Barry/stats?co=1&se=-1
Lewis Bate,https://www.premierleague.com/players/49501/Lewis-Bate/stats?co=1&se=-1
Michy Batshuayi,https://www.premierleague.com/players/7450/Michy-Batshuayi/stats?co=1&se=-1
Nathan Baxter,https://www.premierleague.com/players/14568/Nathan-Baxter/stats?co=1&se=-1
Mads Bech Sørensen,https://www.premierleague.com/players/25540/Mads-Bech-S%C3%B8rensen/stats?co=1&se=-1
Owen Beck,https://www.premierleague.com/players/66565/Owen-Beck/stats?co=1&se=-1
Jan Bednarek,https://www.premierleague.com/players/19589/Jan-Bednarek/stats?co=1&se=-1
Asmir Begovic,https://www.premierleague.com/players/2537/Asmir-Begovic/stats?co=1&se=-1
Héctor Bellerín,https://www.premierleague.com/players/4474/H%C3%A9ctor-Beller%C3%ADn/stats?co=1&se=-1
Filip Benkovic,https://www.premierleague.com/players/16671/Filip-Benkovic/stats?co=1&se=-1
J'Neil Bennett,https://www.premierleague.com/players/31662/J'Neil-Bennett/stats?co=1&se=-1
Daniel Amartey,https://www.premierleague.com/players/12306/Daniel-Amartey/stats?co=1&se=-1
Ethan Ampadu,https://www.premierleague.com/players/19731/Ethan-Ampadu/stats?co=1&se=-1
Joachim Andersen,https://www.premierleague.com/players/26151/Joachim-Andersen/stats?co=1&se=-1
Joseph Anderson,https://www.premierleague.com/players/23742/Joseph-Anderson/stats?co=1&se=-1
Florin Andone,https://www.premierleague.com/players/37587/Florin-Andone/stats?co=1&se=-1
André Gomes,https://www.premierleague.com/players/5061/Andr%C3%A9-Gomes/stats?co=1&se=-1
Andreas Pereira,https://www.premierleague.com/players/10476/Andreas-Pereira/stats?co=1&se=-1
Vincent Angelini,https://www.premierleague.com/players/121739/Vincent-Angelini/stats?co=1&se=-1
Angeliño,https://www.premierleague.com/players/10467/Angeli%C3%B1o/stats?co=1&se=-1
Faustino Anjorin,https://www.premierleague.com/players/24708/Faustino-Anjorin/stats?co=1&se=-1
Michail Antonio,https://www.premierleague.com/players/9595/Michail-Antonio/stats?co=1&se=-1
Keenan Appiah-Forson,https://www.premierleague.com/players/51631/Keenan-Appiah-Forson/stats?co=1&se=-1
Cameron Archer,https://www.premierleague.com/players/25281/Cameron-Archer/stats?co=1&se=-1
Alphonse Areola,https://www.premierleague.com/players/5748/Alphonse-Areola/stats?co=1&se=-1
Kepa Arrizabalaga,https://www.premierleague.com/players/11373/Kepa-Arrizabalaga/stats?co=1&se=-1
Harrison Ashby,https://www.premierleague.com/players/31883/Harrison-Ashby/stats?co=1&se=-1
Yaser Asprilla,https://www.premierleague.com/players/123450/Yaser-Asprilla/stats?co=1&se=-1
Ryan Astley,https://www.premierleague.com/players/23750/Ryan-Astley/stats?co=1&se=-1
Christian Atsu,https://www.premierleague.com/players/4859/Christian-Atsu/stats?co=1&se=-1
Pierre-Emerick Aubameyang,https://www.premierleague.com/players/5110/Pierre-Emerick-Aubameyang/stats?co=1&se=-1
Serge Aurier,https://www.premierleague.com/players/11293/Serge-Aurier/stats?co=1&se=-1
Brandon Austin,https://www.premierleague.com/players/15114/Brandon-Austin/stats?co=1&se=-1
Zach Awe,https://www.premierleague.com/players/67217/Zach-Awe/stats?co=1&se=-1
Taiwo Awoniyi,https://www.premierleague.com/players/15340/Taiwo-Awoniyi/stats?co=1&se=-1
Jordan Ayew,https://www.premierleague.com/players/5595/Jordan-Ayew/stats?co=1&se=-1
Luke Ayling,https://www.premierleague.com/players/3314/Luke-Ayling/stats?co=1&se=-1
Miguel Azeez,https://www.premierleague.com/players/26975/Miguel-Azeez/stats?co=1&se=-1
César Azpilicueta,https://www.premierleague.com/players/4496/C%C3%A9sar-Azpilicueta/stats?co=1&se=-1
Kwadwo Baah,https://www.premierleague.com/players/69816/Kwadwo-Baah/stats?co=1&se=-1
Daniel Bachmann,https://www.premierleague.com/players/9762/Daniel-Bachmann/stats?co=1&se=-1
Leon Bailey,https://www.premierleague.com/players/20489/Leon-Bailey/stats?co=1&se=-1
Eric Bailly,https://www.premierleague.com/players/12937/Eric-Bailly/stats?co=1&se=-1
Tiemoué Bakayoko,https://www.premierleague.com/players/11260/Tiemou%C3%A9-Bakayoko/stats?co=1&se=-1
Lewis Baker,https://www.premierleague.com/players/4749/Lewis-Baker/stats?co=1&se=-1
James Balagizi,https://www.premierleague.com/players/66607/James-Balagizi/stats?co=1&se=-1
Fabián Balbuena,https://www.premierleague.com/players/32435/Fabi%C3%A1n-Balbuena/stats?co=1&se=-1
Ellery Balcombe,https://www.premierleague.com/players/21317/Ellery-Balcombe/stats?co=1&se=-1
Gareth Bale,https://www.premierleague.com/players/3513/Gareth-Bale/stats?co=1&se=-1
Folarin Balogun,https://www.premierleague.com/players/19871/Folarin-Balogun/stats?co=1&se=-1
Tudor Baluta,https://www.premierleague.com/players/63655/Tudor-Baluta/stats?co=1&se=-1
Patrick Bamford,https://www.premierleague.com/players/4291/Patrick-Bamford/stats?co=1&se=-1
Beni Baningime,https://www.premierleague.com/players/14623/Beni-Baningime/stats?co=1&se=-1
Scott Banks,https://www.premierleague.com/players/74776/Scott-Banks/stats?co=1&se=-1
Shandon Baptiste,https://www.premierleague.com/players/24773/Shandon-Baptiste/stats?co=1&se=-1
Daniel Barden,https://www.premierleague.com/players/14426/Daniel-Barden/stats?co=1&se=-1
Phil Bardsley,https://www.premierleague.com/players/2517/Phil-Bardsley/stats?co=1&se=-1
Ross Barkley,https://www.premierleague.com/players/4115/Ross-Barkley/stats?co=1&se=-1
Ashley Barnes,https://www.premierleague.com/players/8246/Ashley-Barnes/stats?co=1&se=-1
Mason Barrett,https://www.premierleague.com/players/15185/Mason-Barrett/stats?co=1&se=-1
Louie Barry,https://www.premierleague.com/players/52960/Louie-Barry/stats?co=1&se=-1
Lewis Bate,https://www.premierleague.com/players/49501/Lewis-Bate/stats?co=1&se=-1
Michy Batshuayi,https://www.premierleague.com/players/7450/Michy-Batshuayi/stats?co=1&se=-1
Nathan Baxter,https://www.premierleague.com/players/14568/Nathan-Baxter/stats?co=1&se=-1
Mads Bech Sørensen,https://www.premierleague.com/players/25540/Mads-Bech-S%C3%B8rensen/stats?co=1&se=-1
Owen Beck,https://www.premierleague.com/players/66565/Owen-Beck/stats?co=1&se=-1
Jan Bednarek,https://www.premierleague.com/players/19589/Jan-Bednarek/stats?co=1&se=-1
Asmir Begovic,https://www.premierleague.com/players/2537/Asmir-Begovic/stats?co=1&se=-1
Héctor Bellerín,https://www.premierleague.com/players/4474/H%C3%A9ctor-Beller%C3%ADn/stats?co=1&se=-1
Filip Benkovic,https://www.premierleague.com/players/16671/Filip-Benkovic/stats?co=1&se=-1
J'Neil Bennett,https://www.premierleague.com/players/31662/J'Neil-Bennett/stats?co=1&se=-1
Saïd Benrahma,https://www.premierleague.com/players/20517/Sa%C3%AFd-Benrahma/stats?co=1&se=-1
Josh Benson,https://www.premierleague.com/players/14441/Josh-Benson/stats?co=1&se=-1
Rodrigo Bentancur,https://www.premierleague.com/players/22802/Rodrigo-Bentancur/stats?co=1&se=-1
Christian Benteke,https://www.premierleague.com/players/4492/Christian-Benteke/stats?co=1&se=-1
Gaetano Berardi,https://www.premierleague.com/players/10761/Gaetano-Berardi/stats?co=1&se=-1
Lucas Bergström,https://www.premierleague.com/players/65641/Lucas-Bergstr%C3%B6m/stats?co=1&se=-1
Steven Bergwijn,https://www.premierleague.com/players/12703/Steven-Bergwijn/stats?co=1&se=-1
Adrián Bernabé,https://www.premierleague.com/players/50975/Adri%C3%A1n-Bernab%C3%A9/stats?co=1&se=-1
Bernard,https://www.premierleague.com/players/5907/Bernard/stats?co=1&se=-1
Bernardo,https://www.premierleague.com/players/23591/Bernardo/stats?co=1&se=-1
Bernardo Silva,https://www.premierleague.com/players/5067/Bernardo-Silva/stats?co=1&se=-1
Ryan Bertrand,https://www.premierleague.com/players/2886/Ryan-Bertrand/stats?co=1&se=-1
Muhamed Besic,https://www.premierleague.com/players/10451/Muhamed-Besic/stats?co=1&se=-1
Marcus Bettinelli,https://www.premierleague.com/players/4511/Marcus-Bettinelli/stats?co=1&se=-1
Mads Bidstrup,https://www.premierleague.com/players/66647/Mads-Bidstrup/stats?co=1&se=-1
Mika Biereth,https://www.premierleague.com/players/33175/Mika-Biereth/stats?co=1&se=-1
Nathan Bishop,https://www.premierleague.com/players/21881/Nathan-Bishop/stats?co=1&se=-1
Yves Bissouma,https://www.premierleague.com/players/50245/Yves-Bissouma/stats?co=1&se=-1
Harvey Blair,https://www.premierleague.com/players/112629/Harvey-Blair/stats?co=1&se=-1
Oscar Bobb,https://www.premierleague.com/players/66657/Oscar-Bobb/stats?co=1&se=-1
Lamare Bogarde,https://www.premierleague.com/players/107846/Lamare-Bogarde/stats?co=1&se=-1
Mateusz Bogusz,https://www.premierleague.com/players/64271/Mateusz-Bogusz/stats?co=1&se=-1
Bendeguz Bolla,https://www.premierleague.com/players/52175/Bendeguz-Bolla/stats?co=1&se=-1
Luke Bolton,https://www.premierleague.com/players/14793/Luke-Bolton/stats?co=1&se=-1
Willy Boly,https://www.premierleague.com/players/16204/Willy-Boly/stats?co=1&se=-1
Jamie Bowden,https://www.premierleague.com/players/23951/Jamie-Bowden/stats?co=1&se=-1
Jarrod Bowen,https://www.premierleague.com/players/8868/Jarrod-Bowen/stats?co=1&se=-1
Conor Bradley,https://www.premierleague.com/players/68582/Conor-Bradley/stats?co=1&se=-1
Robbie Brady,https://www.premierleague.com/players/4158/Robbie-Brady/stats?co=1&se=-1
Jarrad Branthwaite,https://www.premierleague.com/players/66318/Jarrad-Branthwaite/stats?co=1&se=-1
Sammy Braybrooke,https://www.premierleague.com/players/109775/Sammy-Braybrooke/stats?co=1&se=-1
Mungo Bridge,https://www.premierleague.com/players/19894/Mungo-Bridge/stats?co=1&se=-1
Nathan Broadhead,https://www.premierleague.com/players/14636/Nathan-Broadhead/stats?co=1&se=-1
Armando Broja,https://www.premierleague.com/players/31442/Armando-Broja/stats?co=1&se=-1
Josh Brownhill,https://www.premierleague.com/players/9457/Josh-Brownhill/stats?co=1&se=-1
Bruno Fernandes,https://www.premierleague.com/players/23396/Bruno-Fernandes/stats?co=1&se=-1
Bruno Guimarães,https://www.premierleague.com/players/74761/Bruno-Guimar%C3%A3es/stats?co=1&se=-1
Bruno Jordão,https://www.premierleague.com/players/25191/Bruno-Jord%C3%A3o/stats?co=1&se=-1
Lewis Brunt,https://www.premierleague.com/players/19890/Lewis-Brunt/stats?co=1&se=-1
Emiliano Buendía,https://www.premierleague.com/players/26408/Emiliano-Buend%C3%ADa/stats?co=1&se=-1
Hugo Bueno,https://www.premierleague.com/players/66692/Hugo-Bueno/stats?co=1&se=-1
Dan Burn,https://www.premierleague.com/players/8707/Dan-Burn/stats?co=1&se=-1
Finley Burns,https://www.premierleague.com/players/49267/Finley-Burns/stats?co=1&se=-1
Jack Butland,https://www.premierleague.com/players/4634/Jack-Butland/stats?co=1&se=-1
Sam Byram,https://www.premierleague.com/players/8945/Sam-Byram/stats?co=1&se=-1
Willy Caballero,https://www.premierleague.com/players/10466/Willy-Caballero/stats?co=1&se=-1
Gary Cahill,https://www.premierleague.com/players/2620/Gary-Cahill/stats?co=1&se=-1
Moisés Caicedo,https://www.premierleague.com/players/112203/Mois%C3%A9s-Caicedo/stats?co=1&se=-1
Jake Cain,https://www.premierleague.com/players/32279/Jake-Cain/stats?co=1&se=-1
Caleb Chukwuemeka,https://www.premierleague.com/players/74817/Caleb-Chukwuemeka/stats?co=1&se=-1
Callum Rowe,https://www.premierleague.com/players/14482/Callum-Rowe/stats?co=1&se=-1
Dominic Calvert-Lewin,https://www.premierleague.com/players/9576/Dominic-Calvert-Lewin/stats?co=1&se=-1
Leonardo Campana,https://www.premierleague.com/players/74562/Leonardo-Campana/stats?co=1&se=-1
Chem Campbell,https://www.premierleague.com/players/51648/Chem-Campbell/stats?co=1&se=-1
Sergi Canós,https://www.premierleague.com/players/13225/Sergi-Can%C3%B3s/stats?co=1&se=-1
Todd Cantwell,https://www.premierleague.com/players/14944/Todd-Cantwell/stats?co=1&se=-1
Elia Caprile,https://www.premierleague.com/players/74591/Elia-Caprile/stats?co=1&se=-1
Carlos Sánchez,https://www.premierleague.com/players/10430/Carlos-S%C3%A1nchez/stats?co=1&se=-1
Carlos Vinícius,https://www.premierleague.com/players/50501/Carlos-Vin%C3%ADcius/stats?co=1&se=-1
Andy Carroll,https://www.premierleague.com/players/3175/Andy-Carroll/stats?co=1&se=-1
Scott Carson,https://www.premierleague.com/players/2250/Scott-Carson/stats?co=1&se=-1
Cameron Carter-Vickers,https://www.premierleague.com/players/13814/Cameron-Carter-Vickers/stats?co=1&se=-1
Oliver Casey,https://www.premierleague.com/players/53269/Oliver-Casey/stats?co=1&se=-1
Matthew Cash,https://www.premierleague.com/players/13344/Matthew-Cash/stats?co=1&se=-1
Timothy Castagne,https://www.premierleague.com/players/6712/Timothy-Castagne/stats?co=1&se=-1
Craig Cathcart,https://www.premierleague.com/players/3160/Craig-Cathcart/stats?co=1&se=-1
Edinson Cavani,https://www.premierleague.com/players/5771/Edinson-Cavani/stats?co=1&se=-1
Dani Ceballos,https://www.premierleague.com/players/7163/Dani-Ceballos/stats?co=1&se=-1
Cédric Soares,https://www.premierleague.com/players/11347/C%C3%A9dric-Soares/stats?co=1&se=-1
Kallum Cesay,https://www.premierleague.com/players/51616/Kallum-Cesay/stats?co=1&se=-1
Trevoh Chalobah,https://www.premierleague.com/players/14575/Trevoh-Chalobah/stats?co=1&se=-1
Calum Chambers,https://www.premierleague.com/players/4620/Calum-Chambers/stats?co=1&se=-1
Shea Charles,https://www.premierleague.com/players/75201/Shea-Charles/stats?co=1&se=-1
Kgaogelo Chauke,https://www.premierleague.com/players/65849/Kgaogelo-Chauke/stats?co=1&se=-1
Daniel Chesters,https://www.premierleague.com/players/30534/Daniel-Chesters/stats?co=1&se=-1
Ben Chilwell,https://www.premierleague.com/players/13491/Ben-Chilwell/stats?co=1&se=-1
Chiquinho,https://www.premierleague.com/players/122388/Chiquinho/stats?co=1&se=-1
Hamza Choudhury,https://www.premierleague.com/players/13248/Hamza-Choudhury/stats?co=1&se=-1
Benjamin Chrisene,https://www.premierleague.com/players/69747/Benjamin-Chrisene/stats?co=1&se=-1
Andreas Christensen,https://www.premierleague.com/players/4495/Andreas-Christensen/stats?co=1&se=-1
Christian Marques,https://www.premierleague.com/players/64522/Christian-Marques/stats?co=1&se=-1
Carney Chukwuemeka,https://www.premierleague.com/players/64140/Carney-Chukwuemeka/stats?co=1&se=-1
Dennis Cirkin,https://www.premierleague.com/players/51609/Dennis-Cirkin/stats?co=1&se=-1
CJ Egan-Riley,https://www.premierleague.com/players/51690/CJ-Egan-Riley/stats?co=1&se=-1
Ciaran Clark,https://www.premierleague.com/players/3562/Ciaran-Clark/stats?co=1&se=-1
Harry Clarke,https://www.premierleague.com/players/19877/Harry-Clarke/stats?co=1&se=-1
Jake Clarke-Salter,https://www.premierleague.com/players/11146/Jake-Clarke-Salter/stats?co=1&se=-1
Leighton Clarkson,https://www.premierleague.com/players/33335/Leighton-Clarkson/stats?co=1&se=-1
Tom Cleverley,https://www.premierleague.com/players/3448/Tom-Cleverley/stats?co=1&se=-1
Nathaniel Clyne,https://www.premierleague.com/players/4604/Nathaniel-Clyne/stats?co=1&se=-1
Conor Coady,https://www.premierleague.com/players/4136/Conor-Coady/stats?co=1&se=-1
Alex Cochrane,https://www.premierleague.com/players/14559/Alex-Cochrane/stats?co=1&se=-1
Séamus Coleman,https://www.premierleague.com/players/3600/S%C3%A9amus-Coleman/stats?co=1&se=-1
Nathan Collins,https://www.premierleague.com/players/24659/Nathan-Collins/stats?co=1&se=-1
Aaron Connolly,https://www.premierleague.com/players/21653/Aaron-Connolly/stats?co=1&se=-1
Kamil Conteh,https://www.premierleague.com/players/69507/Kamil-Conteh/stats?co=1&se=-1
Liam Cooper,https://www.premierleague.com/players/3622/Liam-Cooper/stats?co=1&se=-1
Theo Corbeanu,https://www.premierleague.com/players/53182/Theo-Corbeanu/stats?co=1&se=-1
Jack Cork,https://www.premierleague.com/players/2889/Jack-Cork/stats?co=1&se=-1
Maxwel Cornet,https://www.premierleague.com/players/16758/Maxwel-Cornet/stats?co=1&se=-1
Ben Cottrell,https://www.premierleague.com/players/49256/Ben-Cottrell/stats?co=1&se=-1
Vladimir Coufal,https://www.premierleague.com/players/7336/Vladimir-Coufal/stats?co=1&se=-1
Conor Coventry,https://www.premierleague.com/players/15211/Conor-Coventry/stats?co=1&se=-1
Matthew Cox,https://www.premierleague.com/players/98258/Matthew-Cox/stats?co=1&se=-1
Charlie Cresswell,https://www.premierleague.com/players/69286/Charlie-Cresswell/stats?co=1&se=-1
Kane Crichlow,https://www.premierleague.com/players/51245/Kane-Crichlow/stats?co=1&se=-1
Cristiano Ronaldo,https://www.premierleague.com/players/2522/Cristiano-Ronaldo/stats?co=1&se=-1
Cucho Hernández,https://www.premierleague.com/players/31905/Cucho-Hern%C3%A1ndez/stats?co=1&se=-1
Marc Cucurella,https://www.premierleague.com/players/27277/Marc-Cucurella/stats?co=1&se=-1
Jamie Cumming,https://www.premierleague.com/players/14565/Jamie-Cumming/stats?co=1&se=-1
Luke Cundle,https://www.premierleague.com/players/23989/Luke-Cundle/stats?co=1&se=-1
Patrick Cutrone,https://www.premierleague.com/players/22870/Patrick-Cutrone/stats?co=1&se=-1
Pontus Dahlberg,https://www.premierleague.com/players/33158/Pontus-Dahlberg/stats?co=1&se=-1
Patson Daka,https://www.premierleague.com/players/24994/Patson-Daka/stats?co=1&se=-1
Sam Dalby,https://www.premierleague.com/players/20722/Sam-Dalby/stats?co=1&se=-1
Vontae Daley-Campbell,https://www.premierleague.com/players/19868/Vontae-Daley-Campbell/stats?co=1&se=-1
Stuart Dallas,https://www.premierleague.com/players/8148/Stuart-Dallas/stats?co=1&se=-1
Henrik Dalsgaard,https://www.premierleague.com/players/12005/Henrik-Dalsgaard/stats?co=1&se=-1
Daniel Podence,https://www.premierleague.com/players/11362/Daniel-Podence/stats?co=1&se=-1
Luke Daniels,https://www.premierleague.com/players/2817/Luke-Daniels/stats?co=1&se=-1
Scott Dann,https://www.premierleague.com/players/3807/Scott-Dann/stats?co=1&se=-1
Karl Darlow,https://www.premierleague.com/players/9251/Karl-Darlow/stats?co=1&se=-1
Josh Dasilva,https://www.premierleague.com/players/14457/Josh-Dasilva/stats?co=1&se=-1
David Luiz,https://www.premierleague.com/players/4100/David-Luiz/stats?co=1&se=-1
Tom Davies,https://www.premierleague.com/players/13389/Tom-Davies/stats?co=1&se=-1
Keinan Davis,https://www.premierleague.com/players/13130/Keinan-Davis/stats?co=1&se=-1
Craig Dawson,https://www.premierleague.com/players/4198/Craig-Dawson/stats?co=1&se=-1
Laurens De Bock,https://www.premierleague.com/players/12198/Laurens-De-Bock/stats?co=1&se=-1
Kevin De Bruyne,https://www.premierleague.com/players/4288/Kevin-De-Bruyne/stats?co=1&se=-1
David de Gea,https://www.premierleague.com/players/4330/David-de-Gea/stats?co=1&se=-1
Troy Deeney,https://www.premierleague.com/players/9947/Troy-Deeney/stats?co=1&se=-1
Liam Delap,https://www.premierleague.com/players/51813/Liam-Delap/stats?co=1&se=-1
Fabian Delph,https://www.premierleague.com/players/3799/Fabian-Delph/stats?co=1&se=-1
Lars Dendoncker,https://www.premierleague.com/players/67927/Lars-Dendoncker/stats?co=1&se=-1
Emmanuel Dennis,https://www.premierleague.com/players/20701/Emmanuel-Dennis/stats?co=1&se=-1
Halil Dervisoglu,https://www.premierleague.com/players/49461/Halil-Dervisoglu/stats?co=1&se=-1
Alfie Devine,https://www.premierleague.com/players/77990/Alfie-Devine/stats?co=1&se=-1
Kiernan Dewsbury-Hall,https://www.premierleague.com/players/14706/Kiernan-Dewsbury-Hall/stats?co=1&se=-1
Amad Diallo,https://www.premierleague.com/players/69176/Amad-Diallo/stats?co=1&se=-1
Luis Díaz,https://www.premierleague.com/players/66669/Luis-D%C3%ADaz/stats?co=1&se=-1
Thomas Dickson-Peters,https://www.premierleague.com/players/33345/Thomas-Dickson-Peters/stats?co=1&se=-1
Eric Dier,https://www.premierleague.com/players/4112/Eric-Dier/stats?co=1&se=-1
Lucas Digne,https://www.premierleague.com/players/5758/Lucas-Digne/stats?co=1&se=-1
Diogo Dalot,https://www.premierleague.com/players/24252/Diogo-Dalot/stats?co=1&se=-1
Diogo Jota,https://www.premierleague.com/players/19758/Diogo-Jota/stats?co=1&se=-1
Issa Diop,https://www.premierleague.com/players/49884/Issa-Diop/stats?co=1&se=-1
Elijah Dixon-Bonner,https://www.premierleague.com/players/24231/Elijah-Dixon-Bonner/stats?co=1&se=-1
Moussa Djenepo,https://www.premierleague.com/players/52153/Moussa-Djenepo/stats?co=1&se=-1
Lewis Dobbin,https://www.premierleague.com/players/51511/Lewis-Dobbin/stats?co=1&se=-1
Owen Dodgson,https://www.premierleague.com/players/66524/Owen-Dodgson/stats?co=1&se=-1
Matt Doherty,https://www.premierleague.com/players/4229/Matt-Doherty/stats?co=1&se=-1
Domingos Quina,https://www.premierleague.com/players/19678/Domingos-Quina/stats?co=1&se=-1
Abdoulaye Doucouré,https://www.premierleague.com/players/13823/Abdoulaye-Doucour%C3%A9/stats?co=1&se=-1
Douglas Luiz,https://www.premierleague.com/players/24626/Douglas-Luiz/stats?co=1&se=-1
Kieran Dowell,https://www.premierleague.com/players/10455/Kieran-Dowell/stats?co=1&se=-1
Tommy Doyle,https://www.premierleague.com/players/24637/Tommy-Doyle/stats?co=1&se=-1
Cody Drameh,https://www.premierleague.com/players/24811/Cody-Drameh/stats?co=1&se=-1
Danny Drinkwater,https://www.premierleague.com/players/3670/Danny-Drinkwater/stats?co=1&se=-1
Anthony Driscoll-Glennon,https://www.premierleague.com/players/23810/Anthony-Driscoll-Glennon/stats?co=1&se=-1
Martin Dúbravka,https://www.premierleague.com/players/6451/Martin-D%C3%BAbravka/stats?co=1&se=-1
Shane Duffy,https://www.premierleague.com/players/3601/Shane-Duffy/stats?co=1&se=-1
Paul Dummett,https://www.premierleague.com/players/4340/Paul-Dummett/stats?co=1&se=-1
Lewis Dunk,https://www.premierleague.com/players/8163/Lewis-Dunk/stats?co=1&se=-1
Jimmy Dunne,https://www.premierleague.com/players/14829/Jimmy-Dunne/stats?co=1&se=-1
Frankie Ealing,https://www.premierleague.com/players/74787/Frankie-Ealing/stats?co=1&se=-1
Ederson,https://www.premierleague.com/players/12707/Ederson/stats?co=1&se=-1
Odsonne Édouard,https://www.premierleague.com/players/16788/Odsonne-%C3%89douard/stats?co=1&se=-1
Samuel Edozie,https://www.premierleague.com/players/66658/Samuel-Edozie/stats?co=1&se=-1
Edward Rowe,https://www.premierleague.com/players/70755/Edward-Rowe/stats?co=1&se=-1
Pierre Ekwah,https://www.premierleague.com/players/51224/Pierre-Ekwah/stats?co=1&se=-1
Anwar El Ghazi,https://www.premierleague.com/players/11033/Anwar-El-Ghazi/stats?co=1&se=-1
Anthony Elanga,https://www.premierleague.com/players/49259/Anthony-Elanga/stats?co=1&se=-1
Robert Elliot,https://www.premierleague.com/players/2214/Robert-Elliot/stats?co=1&se=-1
Harvey Elliott,https://www.premierleague.com/players/33185/Harvey-Elliott/stats?co=1&se=-1
Mohamed Elyounoussi,https://www.premierleague.com/players/15967/Mohamed-Elyounoussi/stats?co=1&se=-1
Emerson,https://www.premierleague.com/players/16803/Emerson/stats?co=1&se=-1
Emerson Royal,https://www.premierleague.com/players/63654/Emerson-Royal/stats?co=1&se=-1
Emiliano Marcondes,https://www.premierleague.com/players/32388/Emiliano-Marcondes/stats?co=1&se=-1
Björn Engels,https://www.premierleague.com/players/12199/Bj%C3%B6rn-Engels/stats?co=1&se=-1
Christian Eriksen,https://www.premierleague.com/players/4845/Christian-Eriksen/stats?co=1&se=-1
Peter Etebo,https://www.premierleague.com/players/43087/Peter-Etebo/stats?co=1&se=-1
Jonny Evans,https://www.premierleague.com/players/3156/Jonny-Evans/stats?co=1&se=-1
Oliver Ewing,https://www.premierleague.com/players/51530/Oliver-Ewing/stats?co=1&se=-1
Timothy Eyoma,https://www.premierleague.com/players/15123/Timothy-Eyoma/stats?co=1&se=-1
Eberechi Eze,https://www.premierleague.com/players/21584/Eberechi-Eze/stats?co=1&se=-1
Lukasz Fabianski,https://www.premierleague.com/players/3309/Lukasz-Fabianski/stats?co=1&se=-1
Fabinho,https://www.premierleague.com/players/11247/Fabinho/stats?co=1&se=-1
Fábio Silva,https://www.premierleague.com/players/66670/F%C3%A1bio-Silva/stats?co=1&se=-1
Malachi Fagan-Walcott,https://www.premierleague.com/players/31663/Malachi-Fagan-Walcott/stats?co=1&se=-1
Akin Famewo,https://www.premierleague.com/players/19752/Akin-Famewo/stats?co=1&se=-1
Juan Familia-Castillo,https://www.premierleague.com/players/23703/Juan-Familia-Castillo/stats?co=1&se=-1
Josh Feeney,https://www.premierleague.com/players/114485/Josh-Feeney/stats?co=1&se=-1
Felipe Anderson,https://www.premierleague.com/players/6784/Felipe-Anderson/stats?co=1&se=-1
Felix Nmecha,https://www.premierleague.com/players/19922/Felix-Nmecha/stats?co=1&se=-1
Kiko Femenía,https://www.premierleague.com/players/22546/Kiko-Femen%C3%ADa/stats?co=1&se=-1
Evan Ferguson,https://www.premierleague.com/players/71590/Evan-Ferguson/stats?co=1&se=-1
Álvaro Fernández,https://www.premierleague.com/players/23585/%C3%81lvaro-Fern%C3%A1ndez/stats?co=1&se=-1
Fernandinho,https://www.premierleague.com/players/4804/Fernandinho/stats?co=1&se=-1
Will Ferry,https://www.premierleague.com/players/22002/Will-Ferry/stats?co=1&se=-1
Ryan Finnigan,https://www.premierleague.com/players/78267/Ryan-Finnigan/stats?co=1&se=-1
Junior Firpo,https://www.premierleague.com/players/33046/Junior-Firpo/stats?co=1&se=-1
William Fish,https://www.premierleague.com/players/51582/William-Fish/stats?co=1&se=-1
Ethan Fitzhugh,https://www.premierleague.com/players/51544/Ethan-Fitzhugh/stats?co=1&se=-1
Ashley Fletcher,https://www.premierleague.com/players/13145/Ashley-Fletcher/stats?co=1&se=-1
Shane Flynn,https://www.premierleague.com/players/52959/Shane-Flynn/stats?co=1&se=-1
Phil Foden,https://www.premierleague.com/players/14805/Phil-Foden/stats?co=1&se=-1
Wesley Fofana,https://www.premierleague.com/players/66284/Wesley-Fofana/stats?co=1&se=-1
Shaqai Forde,https://www.premierleague.com/players/114256/Shaqai-Forde/stats?co=1&se=-1
Pablo Fornals,https://www.premierleague.com/players/25246/Pablo-Fornals/stats?co=1&se=-1
Adam Forshaw,https://www.premierleague.com/players/3877/Adam-Forshaw/stats?co=1&se=-1
Marcus Forss,https://www.premierleague.com/players/15170/Marcus-Forss/stats?co=1&se=-1
Fraser Forster,https://www.premierleague.com/players/3170/Fraser-Forster/stats?co=1&se=-1
Ben Foster,https://www.premierleague.com/players/2932/Ben-Foster/stats?co=1&se=-1
Tariqe Fosu-Henry,https://www.premierleague.com/players/10883/Tariqe-Fosu-Henry/stats?co=1&se=-1
Jack Francis,https://www.premierleague.com/players/98301/Jack-Francis/stats?co=1&se=-1
Ryan Fraser,https://www.premierleague.com/players/8052/Ryan-Fraser/stats?co=1&se=-1
Melkamu Frauendorf,https://www.premierleague.com/players/107830/Melkamu-Frauendorf/stats?co=1&se=-1
Fred,https://www.premierleague.com/players/5906/Fred/stats?co=1&se=-1
Ryan Fredericks,https://www.premierleague.com/players/3958/Ryan-Fredericks/stats?co=1&se=-1
Christian Fuchs,https://www.premierleague.com/players/5371/Christian-Fuchs/stats?co=1&se=-1
James Furlong,https://www.premierleague.com/players/66367/James-Furlong/stats?co=1&se=-1
Gabriel Jesus,https://www.premierleague.com/players/19680/Gabriel-Jesus/stats?co=1&se=-1
Gabriel Magalhães,https://www.premierleague.com/players/50234/Gabriel-Magalh%C3%A3es/stats?co=1&se=-1
Gabriel Martinelli,https://www.premierleague.com/players/66104/Gabriel-Martinelli/stats?co=1&se=-1
Ethan Galbraith,https://www.premierleague.com/players/24649/Ethan-Galbraith/stats?co=1&se=-1
Conor Gallagher,https://www.premierleague.com/players/21887/Conor-Gallagher/stats?co=1&se=-1
Eric García,https://www.premierleague.com/players/24635/Eric-Garc%C3%ADa/stats?co=1&se=-1
James Garner,https://www.premierleague.com/players/23841/James-Garner/stats?co=1&se=-1
Dwight Gayle,https://www.premierleague.com/players/4771/Dwight-Gayle/stats?co=1&se=-1
Jean-Philippe Gbamin,https://www.premierleague.com/players/20187/Jean-Philippe-Gbamin/stats?co=1&se=-1
Joe Gelhardt,https://www.premierleague.com/players/51754/Joe-Gelhardt/stats?co=1&se=-1
Rachid Ghezzal,https://www.premierleague.com/players/6889/Rachid-Ghezzal/stats?co=1&se=-1
Saman Ghoddos,https://www.premierleague.com/players/25094/Saman-Ghoddos/stats?co=1&se=-1
Dimitris Giannoulis,https://www.premierleague.com/players/19591/Dimitris-Giannoulis/stats?co=1&se=-1
Liam Gibbs,https://www.premierleague.com/players/69765/Liam-Gibbs/stats?co=1&se=-1
Morgan Gibbs-White,https://www.premierleague.com/players/15259/Morgan-Gibbs-White/stats?co=1&se=-1
Ben Gibson,https://www.premierleague.com/players/9117/Ben-Gibson/stats?co=1&se=-1
Bryan Gil,https://www.premierleague.com/players/55700/Bryan-Gil/stats?co=1&se=-1
Alex Gilbert,https://www.premierleague.com/players/25534/Alex-Gilbert/stats?co=1&se=-1
Ryan Giles,https://www.premierleague.com/players/20081/Ryan-Giles/stats?co=1&se=-1
Mark Gillespie,https://www.premierleague.com/players/8321/Mark-Gillespie/stats?co=1&se=-1
Billy Gilmour,https://www.premierleague.com/players/24221/Billy-Gilmour/stats?co=1&se=-1
Olivier Giroud,https://www.premierleague.com/players/4481/Olivier-Giroud/stats?co=1&se=-1
Ben Godfrey,https://www.premierleague.com/players/10968/Ben-Godfrey/stats?co=1&se=-1
Pierluigi Gollini,https://www.premierleague.com/players/19626/Pierluigi-Gollini/stats?co=1&se=-1
Claudio Gomes,https://www.premierleague.com/players/50989/Claudio-Gomes/stats?co=1&se=-1
Joseph Gomez,https://www.premierleague.com/players/10651/Joseph-Gomez/stats?co=1&se=-1
Charlie Goode,https://www.premierleague.com/players/13702/Charlie-Goode/stats?co=1&se=-1
Lewis Gordon,https://www.premierleague.com/players/51474/Lewis-Gordon/stats?co=1&se=-1
Dan Gosling,https://www.premierleague.com/players/3390/Dan-Gosling/stats?co=1&se=-1
Kamil Grabara,https://www.premierleague.com/players/19909/Kamil-Grabara/stats?co=1&se=-1
Lee Grant,https://www.premierleague.com/players/1870/Lee-Grant/stats?co=1&se=-1
Demarai Gray,https://www.premierleague.com/players/7946/Demarai-Gray/stats?co=1&se=-1
Jack Grealish,https://www.premierleague.com/players/4260/Jack-Grealish/stats?co=1&se=-1
Sam Greenwood,https://www.premierleague.com/players/23911/Sam-Greenwood/stats?co=1&se=-1
Pascal Groß,https://www.premierleague.com/players/22542/Pascal-Gro%C3%9F/stats?co=1&se=-1
Marko Grujic,https://www.premierleague.com/players/13985/Marko-Grujic/stats?co=1&se=-1
Vicente Guaita,https://www.premierleague.com/players/7548/Vicente-Guaita/stats?co=1&se=-1
Jóhann Gudmundsson,https://www.premierleague.com/players/6210/J%C3%B3hann-Gudmundsson/stats?co=1&se=-1
Marc Guéhi,https://www.premierleague.com/players/14569/Marc-Gu%C3%A9hi/stats?co=1&se=-1
Mattéo Guendouzi,https://www.premierleague.com/players/50512/Matt%C3%A9o-Guendouzi/stats?co=1&se=-1
Frédéric Guilbert,https://www.premierleague.com/players/15549/Fr%C3%A9d%C3%A9ric-Guilbert/stats?co=1&se=-1
Ilkay Gündogan,https://www.premierleague.com/players/5101/Ilkay-G%C3%BCndogan/stats?co=1&se=-1
Angus Gunn,https://www.premierleague.com/players/15269/Angus-Gunn/stats?co=1&se=-1
Patrik Gunnarsson,https://www.premierleague.com/players/64148/Patrik-Gunnarsson/stats?co=1&se=-1
Peter Gwargis,https://www.premierleague.com/players/51437/Peter-Gwargis/stats?co=1&se=-1
Viktor Gyökeres,https://www.premierleague.com/players/32728/Viktor-Gy%C3%B6keres/stats?co=1&se=-1
Lewis Hall,https://www.premierleague.com/players/108922/Lewis-Hall/stats?co=1&se=-1
Micah Hamilton,https://www.premierleague.com/players/63841/Micah-Hamilton/stats?co=1&se=-1
Grant Hanley,https://www.premierleague.com/players/3819/Grant-Hanley/stats?co=1&se=-1
Reece Hannam,https://www.premierleague.com/players/15186/Reece-Hannam/stats?co=1&se=-1
Bjorn Hardley,https://www.premierleague.com/players/66722/Bjorn-Hardley/stats?co=1&se=-1
Jack Harrison,https://www.premierleague.com/players/33135/Jack-Harrison/stats?co=1&se=-1
Harrison Sohna,https://www.premierleague.com/players/32998/Harrison-Sohna/stats?co=1&se=-1
Joe Hart,https://www.premierleague.com/players/3143/Joe-Hart/stats?co=1&se=-1
Taylor Harwood-Bellis,https://www.premierleague.com/players/25447/Taylor-Harwood-Bellis/stats?co=1&se=-1
Kortney Hause,https://www.premierleague.com/players/10000/Kortney-Hause/stats?co=1&se=-1
Kai Havertz,https://www.premierleague.com/players/20810/Kai-Havertz/stats?co=1&se=-1
Kaine Hayden,https://www.premierleague.com/players/53074/Kaine-Hayden/stats?co=1&se=-1
Maxwell Haygarth,https://www.premierleague.com/players/51581/Maxwell-Haygarth/stats?co=1&se=-1
Tom Heaton,https://www.premierleague.com/players/2933/Tom-Heaton/stats?co=1&se=-1
Karl Hein,https://www.premierleague.com/players/51917/Karl-Hein/stats?co=1&se=-1
Philip Heise,https://www.premierleague.com/players/47259/Philip-Heise/stats?co=1&se=-1
Hélder Costa,https://www.premierleague.com/players/5064/H%C3%A9lder-Costa/stats?co=1&se=-1
Mark Helm,https://www.premierleague.com/players/51579/Mark-Helm/stats?co=1&se=-1
Stephen Henderson,https://www.premierleague.com/players/3058/Stephen-Henderson/stats?co=1&se=-1
Jeff Hendrick,https://www.premierleague.com/players/8586/Jeff-Hendrick/stats?co=1&se=-1
Wayne Hennessey,https://www.premierleague.com/players/2569/Wayne-Hennessey/stats?co=1&se=-1
Rico Henry,https://www.premierleague.com/players/10947/Rico-Henry/stats?co=1&se=-1
Onel Hernández,https://www.premierleague.com/players/33066/Onel-Hern%C3%A1ndez/stats?co=1&se=-1
James Hillson,https://www.premierleague.com/players/20005/James-Hillson/stats?co=1&se=-1
Leo Fuhr Hjelde,https://www.premierleague.com/players/112246/Leo-Fuhr-Hjelde/stats?co=1&se=-1
Wesley Hoedt,https://www.premierleague.com/players/6194/Wesley-Hoedt/stats?co=1&se=-1
Ki-Jana Hoever,https://www.premierleague.com/players/52951/Ki-Jana-Hoever/stats?co=1&se=-1
Rob Holding,https://www.premierleague.com/players/11575/Rob-Holding/stats?co=1&se=-1
Mason Holgate,https://www.premierleague.com/players/10564/Mason-Holgate/stats?co=1&se=-1
Nathan Holland,https://www.premierleague.com/players/14637/Nathan-Holland/stats?co=1&se=-1
Conor Hourihane,https://www.premierleague.com/players/9377/Conor-Hourihane/stats?co=1&se=-1
Callum Hudson-Odoi,https://www.premierleague.com/players/23702/Callum-Hudson-Odoi/stats?co=1&se=-1
Niall Huggins,https://www.premierleague.com/players/104260/Niall-Huggins/stats?co=1&se=-1
Will Hughes,https://www.premierleague.com/players/8589/Will-Hughes/stats?co=1&se=-1
Joe Hugill,https://www.premierleague.com/players/107835/Joe-Hugill/stats?co=1&se=-1
Joseph Hungbo,https://www.premierleague.com/players/24340/Joseph-Hungbo/stats?co=1&se=-1
Mackenzie Hunt,https://www.premierleague.com/players/43859/Mackenzie-Hunt/stats?co=1&se=-1
Omari Hutchinson,https://www.premierleague.com/players/98300/Omari-Hutchinson/stats?co=1&se=-1
Hwang Hee-Chan,https://www.premierleague.com/players/20337/Hwang-Hee-Chan/stats?co=1&se=-1
Pierre-Emile Højbjerg,https://www.premierleague.com/players/5272/Pierre-Emile-H%C3%B8jbjerg/stats?co=1&se=-1
Adam Idah,https://www.premierleague.com/players/24641/Adam-Idah/stats?co=1&se=-1
Kelechi Iheanacho,https://www.premierleague.com/players/13554/Kelechi-Iheanacho/stats?co=1&se=-1
Danny Ings,https://www.premierleague.com/players/8245/Danny-Ings/stats?co=1&se=-1
Tim Iroegbunam,https://www.premierleague.com/players/66538/Tim-Iroegbunam/stats?co=1&se=-1
Einar Iversen,https://www.premierleague.com/players/24227/Einar-Iversen/stats?co=1&se=-1
Alexander Iwobi,https://www.premierleague.com/players/4717/Alexander-Iwobi/stats?co=1&se=-1
José Izquierdo,https://www.premierleague.com/players/12212/Jos%C3%A9-Izquierdo/stats?co=1&se=-1
Jaroslaw Jach,https://www.premierleague.com/players/33056/Jaroslaw-Jach/stats?co=1&se=-1
Alireza Jahanbakhsh,https://www.premierleague.com/players/15480/Alireza-Jahanbakhsh/stats?co=1&se=-1
Eldin Jakupovic,https://www.premierleague.com/players/4786/Eldin-Jakupovic/stats?co=1&se=-1
Reece James,https://www.premierleague.com/players/14571/Reece-James/stats?co=1&se=-1
Vitaly Janelt,https://www.premierleague.com/players/23194/Vitaly-Janelt/stats?co=1&se=-1
Alexandre Jankewitz,https://www.premierleague.com/players/52931/Alexandre-Jankewitz/stats?co=1&se=-1
Pontus Jansson,https://www.premierleague.com/players/12847/Pontus-Jansson/stats?co=1&se=-1
Vítezslav Jaros,https://www.premierleague.com/players/24807/V%C3%ADtezslav-Jaros/stats?co=1&se=-1
Taylor Jay-Hart,https://www.premierleague.com/players/98303/Taylor-Jay-Hart/stats?co=1&se=-1
Julian Jeanvier,https://www.premierleague.com/players/51085/Julian-Jeanvier/stats?co=1&se=-1
Jack Jenkins,https://www.premierleague.com/players/69289/Jack-Jenkins/stats?co=1&se=-1
Teddy Jenks,https://www.premierleague.com/players/24723/Teddy-Jenks/stats?co=1&se=-1
Mathias Jensen,https://www.premierleague.com/players/49726/Mathias-Jensen/stats?co=1&se=-1
Jeong Sang-Bin,https://www.premierleague.com/players/122872/Jeong-Sang-Bin/stats?co=1&se=-1
Raúl Jiménez,https://www.premierleague.com/players/11071/Ra%C3%BAl-Jim%C3%A9nez/stats?co=1&se=-1
João Cancelo,https://www.premierleague.com/players/5051/Jo%C3%A3o-Cancelo/stats?co=1&se=-1
João Moutinho,https://www.premierleague.com/players/11259/Jo%C3%A3o-Moutinho/stats?co=1&se=-1
João Pedro,https://www.premierleague.com/players/72371/Jo%C3%A3o-Pedro/stats?co=1&se=-1
João Virgínia,https://www.premierleague.com/players/14428/Jo%C3%A3o-Virg%C3%ADnia/stats?co=1&se=-1
Joelinton,https://www.premierleague.com/players/20607/Joelinton/stats?co=1&se=-1
Kyle John,https://www.premierleague.com/players/23743/Kyle-John/stats?co=1&se=-1
Tyreece John-Jules,https://www.premierleague.com/players/19880/Tyreece-John-Jules/stats?co=1&se=-1
Ben Johnson,https://www.premierleague.com/players/15212/Ben-Johnson/stats?co=1&se=-1
Curtis Jones,https://www.premierleague.com/players/23815/Curtis-Jones/stats?co=1&se=-1
Jonny,https://www.premierleague.com/players/20277/Jonny/stats?co=1&se=-1
Jorginho,https://www.premierleague.com/players/5682/Jorginho/stats?co=1&se=-1
José Sá,https://www.premierleague.com/players/15715/Jos%C3%A9-S%C3%A1/stats?co=1&se=-1
James Justin,https://www.premierleague.com/players/13515/James-Justin/stats?co=1&se=-1
Ozan Kabak,https://www.premierleague.com/players/50165/Ozan-Kabak/stats?co=1&se=-1
Christian Kabasele,https://www.premierleague.com/players/19605/Christian-Kabasele/stats?co=1&se=-1
Lovre Kalinic,https://www.premierleague.com/players/21611/Lovre-Kalinic/stats?co=1&se=-1
Samuel Kalu,https://www.premierleague.com/players/21714/Samuel-Kalu/stats?co=1&se=-1
Hassane Kamara,https://www.premierleague.com/players/54900/Hassane-Kamara/stats?co=1&se=-1
Harry Kane,https://www.premierleague.com/players/3960/Harry-Kane/stats?co=1&se=-1
N'Golo Kanté,https://www.premierleague.com/players/13492/N'Golo-Kant%C3%A9/stats?co=1&se=-1
Michal Karbownik,https://www.premierleague.com/players/108973/Michal-Karbownik/stats?co=1&se=-1
Loris Karius,https://www.premierleague.com/players/19600/Loris-Karius/stats?co=1&se=-1
Hayao Kawabe,https://www.premierleague.com/players/122118/Hayao-Kawabe/stats?co=1&se=-1
Edo Kayembe,https://www.premierleague.com/players/32298/Edo-Kayembe/stats?co=1&se=-1
Kayky,https://www.premierleague.com/players/120096/Kayky/stats?co=1&se=-1
Moise Kean,https://www.premierleague.com/players/20958/Moise-Kean/stats?co=1&se=-1
Michael Keane,https://www.premierleague.com/players/4333/Michael-Keane/stats?co=1&se=-1
Naby Keïta,https://www.premierleague.com/players/12316/Naby-Ke%C3%AFta/stats?co=1&se=-1
Caoimhin Kelleher,https://www.premierleague.com/players/14723/Caoimhin-Kelleher/stats?co=1&se=-1
Martin Kelly,https://www.premierleague.com/players/3644/Martin-Kelly/stats?co=1&se=-1
Kenedy,https://www.premierleague.com/players/13285/Kenedy/stats?co=1&se=-1
Nohan Kenneh,https://www.premierleague.com/players/98279/Nohan-Kenneh/stats?co=1&se=-1
Jonjoe Kenny,https://www.premierleague.com/players/10449/Jonjoe-Kenny/stats?co=1&se=-1
Reda Khadra,https://www.premierleague.com/players/67899/Reda-Khadra/stats?co=1&se=-1
Kiko Casilla,https://www.premierleague.com/players/16793/Kiko-Casilla/stats?co=1&se=-1
Maximilian Kilman,https://www.premierleague.com/players/13522/Maximilian-Kilman/stats?co=1&se=-1
Joshua King,https://www.premierleague.com/players/3926/Joshua-King/stats?co=1&se=-1
Nya Kirby,https://www.premierleague.com/players/15134/Nya-Kirby/stats?co=1&se=-1
Kristoffer Klaesson,https://www.premierleague.com/players/23152/Kristoffer-Klaesson/stats?co=1&se=-1
Mateusz Klich,https://www.premierleague.com/players/13089/Mateusz-Klich/stats?co=1&se=-1
Timm Klose,https://www.premierleague.com/players/12891/Timm-Klose/stats?co=1&se=-1
Josh Knight,https://www.premierleague.com/players/14693/Josh-Knight/stats?co=1&se=-1
Robin Koch,https://www.premierleague.com/players/26220/Robin-Koch/stats?co=1&se=-1
Sead Kolasinac,https://www.premierleague.com/players/5368/Sead-Kolasinac/stats?co=1&se=-1
Ibrahima Konaté,https://www.premierleague.com/players/23593/Ibrahima-Konat%C3%A9/stats?co=1&se=-1
Ezri Konsa,https://www.premierleague.com/players/13274/Ezri-Konsa/stats?co=1&se=-1
Billy Koumetio,https://www.premierleague.com/players/66564/Billy-Koumetio/stats?co=1&se=-1
Cheikhou Kouyaté,https://www.premierleague.com/players/5861/Cheikhou-Kouyat%C3%A9/stats?co=1&se=-1
Mateo Kovacic,https://www.premierleague.com/players/12520/Mateo-Kovacic/stats?co=1&se=-1
Matej Kovar,https://www.premierleague.com/players/35733/Matej-Kovar/stats?co=1&se=-1
Kacper Kozlowski,https://www.premierleague.com/players/122119/Kacper-Kozlowski/stats?co=1&se=-1
Emil Krafth,https://www.premierleague.com/players/66494/Emil-Krafth/stats?co=1&se=-1
Alex Král,https://www.premierleague.com/players/67196/Alex-Kr%C3%A1l/stats?co=1&se=-1
Tim Krul,https://www.premierleague.com/players/3169/Tim-Krul/stats?co=1&se=-1
Juraj Kucka,https://www.premierleague.com/players/22866/Juraj-Kucka/stats?co=1&se=-1
Dejan Kulusevski,https://www.premierleague.com/players/49316/Dejan-Kulusevski/stats?co=1&se=-1
Alexandre Lacazette,https://www.premierleague.com/players/6899/Alexandre-Lacazette/stats?co=1&se=-1
Adam Lallana,https://www.premierleague.com/players/4618/Adam-Lallana/stats?co=1&se=-1
Erik Lamela,https://www.premierleague.com/players/4842/Erik-Lamela/stats?co=1&se=-1
Tariq Lamptey,https://www.premierleague.com/players/23704/Tariq-Lamptey/stats?co=1&se=-1
Daniel Langley,https://www.premierleague.com/players/24702/Daniel-Langley/stats?co=1&se=-1
Henri Lansbury,https://www.premierleague.com/players/3049/Henri-Lansbury/stats?co=1&se=-1
Manuel Lanzini,https://www.premierleague.com/players/13872/Manuel-Lanzini/stats?co=1&se=-1
Aymeric Laporte,https://www.premierleague.com/players/11044/Aymeric-Laporte/stats?co=1&se=-1
Jamaal Lascelles,https://www.premierleague.com/players/9257/Jamaal-Lascelles/stats?co=1&se=-1
Romeo Lavia,https://www.premierleague.com/players/99282/Romeo-Lavia/stats?co=1&se=-1
Marcel Lavinier,https://www.premierleague.com/players/23696/Marcel-Lavinier/stats?co=1&se=-1
Achraf Lazaar,https://www.premierleague.com/players/20180/Achraf-Lazaar/stats?co=1&se=-1
Zan-Luk Leban,https://www.premierleague.com/players/66222/Zan-Luk-Leban/stats?co=1&se=-1
Pierre Lees-Melou,https://www.premierleague.com/players/25071/Pierre-Lees-Melou/stats?co=1&se=-1
Florian Lejeune,https://www.premierleague.com/players/16607/Florian-Lejeune/stats?co=1&se=-1
Dexter Lembikisa,https://www.premierleague.com/players/68580/Dexter-Lembikisa/stats?co=1&se=-1
Mario Lemina,https://www.premierleague.com/players/5583/Mario-Lemina/stats?co=1&se=-1
Aaron Lennon,https://www.premierleague.com/players/2270/Aaron-Lennon/stats?co=1&se=-1
Bernd Leno,https://www.premierleague.com/players/4985/Bernd-Leno/stats?co=1&se=-1
Marc Leonard,https://www.premierleague.com/players/51777/Marc-Leonard/stats?co=1&se=-1
Thakgalo Leshabela,https://www.premierleague.com/players/23784/Thakgalo-Leshabela/stats?co=1&se=-1
Dylan Levitt,https://www.premierleague.com/players/23830/Dylan-Levitt/stats?co=1&se=-1
Jamal Lewis,https://www.premierleague.com/players/14938/Jamal-Lewis/stats?co=1&se=-1
Victor Lindelöf,https://www.premierleague.com/players/5066/Victor-Lindel%C3%B6f/stats?co=1&se=-1
Hayden Lindley,https://www.premierleague.com/players/66516/Hayden-Lindley/stats?co=1&se=-1
Jesse Lingard,https://www.premierleague.com/players/4337/Jesse-Lingard/stats?co=1&se=-1
Valentino Livramento,https://www.premierleague.com/players/49495/Valentino-Livramento/stats?co=1&se=-1
Diego Llorente,https://www.premierleague.com/players/5790/Diego-Llorente/stats?co=1&se=-1
Hugo Lloris,https://www.premierleague.com/players/4664/Hugo-Lloris/stats?co=1&se=-1
Giovani Lo Celso,https://www.premierleague.com/players/19851/Giovani-Lo-Celso/stats?co=1&se=-1
Jürgen Locadia,https://www.premierleague.com/players/7124/J%C3%BCrgen-Locadia/stats?co=1&se=-1
Ruben Loftus-Cheek,https://www.premierleague.com/players/5179/Ruben-Loftus-Cheek/stats?co=1&se=-1
Andy Lonergan,https://www.premierleague.com/players/8006/Andy-Lonergan/stats?co=1&se=-1
Kevin Long,https://www.premierleague.com/players/3837/Kevin-Long/stats?co=1&se=-1
Emmanuel Longelo,https://www.premierleague.com/players/20055/Emmanuel-Longelo/stats?co=1&se=-1
Matthew Longstaff,https://www.premierleague.com/players/14903/Matthew-Longstaff/stats?co=1&se=-1
Nigel Lonwijk,https://www.premierleague.com/players/74811/Nigel-Lonwijk/stats?co=1&se=-1
Ademola Lookman,https://www.premierleague.com/players/13278/Ademola-Lookman/stats?co=1&se=-1
Joel Lopez Salguero,https://www.premierleague.com/players/52201/Joel-Lopez-Salguero/stats?co=1&se=-1
Jonas Lössl,https://www.premierleague.com/players/12444/Jonas-L%C3%B6ssl/stats?co=1&se=-1
Imrân Louza,https://www.premierleague.com/players/54144/Imr%C3%A2n-Louza/stats?co=1&se=-1
Matthew Lowton,https://www.premierleague.com/players/4487/Matthew-Lowton/stats?co=1&se=-1
Lucas Moura,https://www.premierleague.com/players/5762/Lucas-Moura/stats?co=1&se=-1
Romelu Lukaku,https://www.premierleague.com/players/4290/Romelu-Lukaku/stats?co=1&se=-1
Lyanco,https://www.premierleague.com/players/49961/Lyanco/stats?co=1&se=-1
Brooklyn Lyons-Foster,https://www.premierleague.com/players/23948/Brooklyn-Lyons-Foster/stats?co=1&se=-1
Isaac Mabaya,https://www.premierleague.com/players/72455/Isaac-Mabaya/stats?co=1&se=-1
Alexis Mac Allister,https://www.premierleague.com/players/63633/Alexis-Mac-Allister/stats?co=1&se=-1
James Maddison,https://www.premierleague.com/players/8456/James-Maddison/stats?co=1&se=-1
Paris Maghoma,https://www.premierleague.com/players/23946/Paris-Maghoma/stats?co=1&se=-1
Harry Maguire,https://www.premierleague.com/players/9566/Harry-Maguire/stats?co=1&se=-1
Riyad Mahrez,https://www.premierleague.com/players/8983/Riyad-Mahrez/stats?co=1&se=-1
Ainsley Maitland-Niles,https://www.premierleague.com/players/10428/Ainsley-Maitland-Niles/stats?co=1&se=-1
Malachi Boateng,https://www.premierleague.com/players/53007/Malachi-Boateng/stats?co=1&se=-1
Anthony Mancini,https://www.premierleague.com/players/71441/Anthony-Mancini/stats?co=1&se=-1
Sadio Mané,https://www.premierleague.com/players/6519/Sadio-Man%C3%A9/stats?co=1&se=-1
Javier Manquillo,https://www.premierleague.com/players/4918/Javier-Manquillo/stats?co=1&se=-1
Marçal,https://www.premierleague.com/players/16640/Mar%C3%A7al/stats?co=1&se=-1
Marcelo Pitaluga,https://www.premierleague.com/players/32925/Marcelo-Pitaluga/stats?co=1&se=-1
Solly March,https://www.premierleague.com/players/8171/Solly-March/stats?co=1&se=-1
Pablo Marí,https://www.premierleague.com/players/20097/Pablo-Mar%C3%AD/stats?co=1&se=-1
Dilan Markanday,https://www.premierleague.com/players/23952/Dilan-Markanday/stats?co=1&se=-1
Filip Marschall,https://www.premierleague.com/players/51692/Filip-Marschall/stats?co=1&se=-1
Anthony Martial,https://www.premierleague.com/players/11272/Anthony-Martial/stats?co=1&se=-1
Josh Martin,https://www.premierleague.com/players/26977/Josh-Martin/stats?co=1&se=-1
Emiliano Martínez,https://www.premierleague.com/players/4245/Emiliano-Mart%C3%ADnez/stats?co=1&se=-1
Adam Masina,https://www.premierleague.com/players/49992/Adam-Masina/stats?co=1&se=-1
Arthur Masuaku,https://www.premierleague.com/players/11284/Arthur-Masuaku/stats?co=1&se=-1
Tawanda Maswanhise,https://www.premierleague.com/players/51556/Tawanda-Maswanhise/stats?co=1&se=-1
Juan Mata,https://www.premierleague.com/players/4287/Juan-Mata/stats?co=1&se=-1
Jean-Philippe Mateta,https://www.premierleague.com/players/20874/Jean-Philippe-Mateta/stats?co=1&se=-1
Nemanja Matic,https://www.premierleague.com/players/3861/Nemanja-Matic/stats?co=1&se=-1
Joel Matip,https://www.premierleague.com/players/5375/Joel-Matip/stats?co=1&se=-1
Matthew Craig,https://www.premierleague.com/players/51619/Matthew-Craig/stats?co=1&se=-1
Remi Matthews,https://www.premierleague.com/players/10827/Remi-Matthews/stats?co=1&se=-1
Neal Maupay,https://www.premierleague.com/players/16256/Neal-Maupay/stats?co=1&se=-1
Luke Mbete,https://www.premierleague.com/players/64460/Luke-Mbete/stats?co=1&se=-1
Bryan Mbeumo,https://www.premierleague.com/players/66360/Bryan-Mbeumo/stats?co=1&se=-1
Xavier Mbuyamba,https://www.premierleague.com/players/69546/Xavier-Mbuyamba/stats?co=1&se=-1
Reece McAlear,https://www.premierleague.com/players/66707/Reece-McAlear/stats?co=1&se=-1
James McArthur,https://www.premierleague.com/players/4224/James-McArthur/stats?co=1&se=-1
James McAtee,https://www.premierleague.com/players/49270/James-McAtee/stats?co=1&se=-1
Kasey McAteer,https://www.premierleague.com/players/51553/Kasey-McAteer/stats?co=1&se=-1
Alfie McCalmont,https://www.premierleague.com/players/53270/Alfie-McCalmont/stats?co=1&se=-1
Liam McCarron,https://www.premierleague.com/players/52613/Liam-McCarron/stats?co=1&se=-1
James McCarthy,https://www.premierleague.com/players/3979/James-McCarthy/stats?co=1&se=-1
Jon McCracken,https://www.premierleague.com/players/23853/Jon-McCracken/stats?co=1&se=-1
Thomas McGill,https://www.premierleague.com/players/20961/Thomas-McGill/stats?co=1&se=-1
John McGinn,https://www.premierleague.com/players/51423/John-McGinn/stats?co=1&se=-1
Joseph McGlynn,https://www.premierleague.com/players/78239/Joseph-McGlynn/stats?co=1&se=-1
Michael McGovern,https://www.premierleague.com/players/19675/Michael-McGovern/stats?co=1&se=-1
Stuart McKinstry,https://www.premierleague.com/players/69288/Stuart-McKinstry/stats?co=1&se=-1
Kenny McLean,https://www.premierleague.com/players/33061/Kenny-McLean/stats?co=1&se=-1
Dwight McNeil,https://www.premierleague.com/players/24797/Dwight-McNeil/stats?co=1&se=-1
Scott McTominay,https://www.premierleague.com/players/14824/Scott-McTominay/stats?co=1&se=-1
Ben Mee,https://www.premierleague.com/players/3909/Ben-Mee/stats?co=1&se=-1
Hannibal Mejbri,https://www.premierleague.com/players/68593/Hannibal-Mejbri/stats?co=1&se=-1
Édouard Mendy,https://www.premierleague.com/players/54889/%C3%89douard-Mendy/stats?co=1&se=-1
Teden Mengi,https://www.premierleague.com/players/27090/Teden-Mengi/stats?co=1&se=-1
Illan Meslier,https://www.premierleague.com/players/66378/Illan-Meslier/stats?co=1&se=-1
Matt Miazga,https://www.premierleague.com/players/13280/Matt-Miazga/stats?co=1&se=-1
Michael Craig,https://www.premierleague.com/players/51612/Michael-Craig/stats?co=1&se=-1
Luka Milivojevic,https://www.premierleague.com/players/5859/Luka-Milivojevic/stats?co=1&se=-1
James Milner,https://www.premierleague.com/players/2100/James-Milner/stats?co=1&se=-1
Yerry Mina,https://www.premierleague.com/players/32923/Yerry-Mina/stats?co=1&se=-1
Takumi Minamino,https://www.premierleague.com/players/12322/Takumi-Minamino/stats?co=1&se=-1
Tyrone Mings,https://www.premierleague.com/players/8900/Tyrone-Mings/stats?co=1&se=-1
Tyrick Mitchell,https://www.premierleague.com/players/24334/Tyrick-Mitchell/stats?co=1&se=-1
Kaoru Mitoma,https://www.premierleague.com/players/117732/Kaoru-Mitoma/stats?co=1&se=-1
Jan Mlakar,https://www.premierleague.com/players/21774/Jan-Mlakar/stats?co=1&se=-1
Jakub Moder,https://www.premierleague.com/players/108751/Jakub-Moder/stats?co=1&se=-1
Mohamed Elneny,https://www.premierleague.com/players/5239/Mohamed-Elneny/stats?co=1&se=-1
Mohamed Salah,https://www.premierleague.com/players/5178/Mohamed-Salah/stats?co=1&se=-1
Jayson Molumby,https://www.premierleague.com/players/15293/Jayson-Molumby/stats?co=1&se=-1
Jacob Montes,https://www.premierleague.com/players/115025/Jacob-Montes/stats?co=1&se=-1
Kris Moore,https://www.premierleague.com/players/92722/Kris-Moore/stats?co=1&se=-1
Andrew Moran,https://www.premierleague.com/players/92706/Andrew-Moran/stats?co=1&se=-1
Pablo Moreno,https://www.premierleague.com/players/64281/Pablo-Moreno/stats?co=1&se=-1
Wes Morgan,https://www.premierleague.com/players/8966/Wes-Morgan/stats?co=1&se=-1
James Morris,https://www.premierleague.com/players/25269/James-Morris/stats?co=1&se=-1
Tyler Morton,https://www.premierleague.com/players/51574/Tyler-Morton/stats?co=1&se=-1
Victor Moses,https://www.premierleague.com/players/3983/Victor-Moses/stats?co=1&se=-1
Yerson Mosquera,https://www.premierleague.com/players/115114/Yerson-Mosquera/stats?co=1&se=-1
Louie Moulden,https://www.premierleague.com/players/23824/Louie-Moulden/stats?co=1&se=-1
Mason Mount,https://www.premierleague.com/players/14580/Mason-Mount/stats?co=1&se=-1
Bali Mumba,https://www.premierleague.com/players/23903/Bali-Mumba/stats?co=1&se=-1
Joel Mumbongo,https://www.premierleague.com/players/75991/Joel-Mumbongo/stats?co=1&se=-1
Romaine Mundle,https://www.premierleague.com/players/51610/Romaine-Mundle/stats?co=1&se=-1
Arijanet Muric,https://www.premierleague.com/players/19911/Arijanet-Muric/stats?co=1&se=-1
Jacob Murphy,https://www.premierleague.com/players/9662/Jacob-Murphy/stats?co=1&se=-1
Glenn Murray,https://www.premierleague.com/players/4772/Glenn-Murray/stats?co=1&se=-1
Charly Musonda,https://www.premierleague.com/players/11147/Charly-Musonda/stats?co=1&se=-1
Yoshinori Muto,https://www.premierleague.com/players/20196/Yoshinori-Muto/stats?co=1&se=-1
Enock Mwepu,https://www.premierleague.com/players/25467/Enock-Mwepu/stats?co=1&se=-1
Vitalii Mykolenko,https://www.premierleague.com/players/24983/Vitalii-Mykolenko/stats?co=1&se=-1
Daniel N'Lundulu,https://www.premierleague.com/players/15019/Daniel-N'Lundulu/stats?co=1&se=-1
Marvelous Nakamba,https://www.premierleague.com/players/45351/Marvelous-Nakamba/stats?co=1&se=-1
Richard Nartey,https://www.premierleague.com/players/14577/Richard-Nartey/stats?co=1&se=-1
Marc Navarro,https://www.premierleague.com/players/22651/Marc-Navarro/stats?co=1&se=-1
Wilfred Ndidi,https://www.premierleague.com/players/20479/Wilfred-Ndidi/stats?co=1&se=-1
Tanguy Ndombele,https://www.premierleague.com/players/25329/Tanguy-Ndombele/stats?co=1&se=-1
Reiss Nelson,https://www.premierleague.com/players/14450/Reiss-Nelson/stats?co=1&se=-1
Nélson Semedo,https://www.premierleague.com/players/16642/N%C3%A9lson-Semedo/stats?co=1&se=-1
Jeremy Ngakia,https://www.premierleague.com/players/20064/Jeremy-Ngakia/stats?co=1&se=-1
Saúl Ñíguez,https://www.premierleague.com/players/4931/Sa%C3%BAl-%C3%91%C3%ADguez/stats?co=1&se=-1
Eddie Nketiah,https://www.premierleague.com/players/14451/Eddie-Nketiah/stats?co=1&se=-1
Nicolas Nkoulou,https://www.premierleague.com/players/5570/Nicolas-Nkoulou/stats?co=1&se=-1
Niels Nkounkou,https://www.premierleague.com/players/76258/Niels-Nkounkou/stats?co=1&se=-1
Mark Noble,https://www.premierleague.com/players/3014/Mark-Noble/stats?co=1&se=-1
Mathias Normann,https://www.premierleague.com/players/23556/Mathias-Normann/stats?co=1&se=-1
Will Norris,https://www.premierleague.com/players/8293/Will-Norris/stats?co=1&se=-1
Nuno Tavares,https://www.premierleague.com/players/66094/Nuno-Tavares/stats?co=1&se=-1
Ørjan Nyland,https://www.premierleague.com/players/51416/%C3%98rjan-Nyland/stats?co=1&se=-1
Christian Nørgaard,https://www.premierleague.com/players/42331/Christian-N%C3%B8rgaard/stats?co=1&se=-1
Kane O'Connor,https://www.premierleague.com/players/90664/Kane-O'Connor/stats?co=1&se=-1
Michael Obafemi,https://www.premierleague.com/players/21532/Michael-Obafemi/stats?co=1&se=-1
Ademipo Odubeko,https://www.premierleague.com/players/64069/Ademipo-Odubeko/stats?co=1&se=-1
Odeluga Offiah,https://www.premierleague.com/players/33342/Odeluga-Offiah/stats?co=1&se=-1
Angelo Ogbonna,https://www.premierleague.com/players/5514/Angelo-Ogbonna/stats?co=1&se=-1
Sheyi Ojo,https://www.premierleague.com/players/10543/Sheyi-Ojo/stats?co=1&se=-1
Jakub Ojrzynski,https://www.premierleague.com/players/66557/Jakub-Ojrzynski/stats?co=1&se=-1
Armstrong Oko-Flex,https://www.premierleague.com/players/24823/Armstrong-Oko-Flex/stats?co=1&se=-1
Arthur Okonkwo,https://www.premierleague.com/players/23650/Arthur-Okonkwo/stats?co=1&se=-1
Maduka Okoye,https://www.premierleague.com/players/76024/Maduka-Okoye/stats?co=1&se=-1
Jaakko Oksanen,https://www.premierleague.com/players/53741/Jaakko-Oksanen/stats?co=1&se=-1
Kazeem Olaigbe,https://www.premierleague.com/players/66225/Kazeem-Olaigbe/stats?co=1&se=-1
Michael Olise,https://www.premierleague.com/players/32989/Michael-Olise/stats?co=1&se=-1
Robin Olsen,https://www.premierleague.com/players/11224/Robin-Olsen/stats?co=1&se=-1
Josh Oluwayemi,https://www.premierleague.com/players/23941/Josh-Oluwayemi/stats?co=1&se=-1
Andrew Omobamidele,https://www.premierleague.com/players/53085/Andrew-Omobamidele/stats?co=1&se=-1
Tobi Omole,https://www.premierleague.com/players/14455/Tobi-Omole/stats?co=1&se=-1
Akos Onodi,https://www.premierleague.com/players/53610/Akos-Onodi/stats?co=1&se=-1
Tyler Onyango,https://www.premierleague.com/players/51510/Tyler-Onyango/stats?co=1&se=-1
Frank Onyeka,https://www.premierleague.com/players/108612/Frank-Onyeka/stats?co=1&se=-1
Divock Origi,https://www.premierleague.com/players/10465/Divock-Origi/stats?co=1&se=-1
Owen Otasowie,https://www.premierleague.com/players/23994/Owen-Otasowie/stats?co=1&se=-1
Salah-Eddine Oulad M'hand,https://www.premierleague.com/players/92734/Salah-Eddine-Oulad-M'hand/stats?co=1&se=-1
Aston Oxborough,https://www.premierleague.com/players/14909/Aston-Oxborough/stats?co=1&se=-1
Alex Oxlade-Chamberlain,https://www.premierleague.com/players/4252/Alex-Oxlade-Chamberlain/stats?co=1&se=-1
Daniel Oyegoke,https://www.premierleague.com/players/49489/Daniel-Oyegoke/stats?co=1&se=-1
Pablo Hernández,https://www.premierleague.com/players/4654/Pablo-Hern%C3%A1ndez/stats?co=1&se=-1
Cole Palmer,https://www.premierleague.com/players/49293/Cole-Palmer/stats?co=1&se=-1
Erik Palmer-Brown,https://www.premierleague.com/players/16467/Erik-Palmer-Brown/stats?co=1&se=-1
Pape Sarr,https://www.premierleague.com/players/117318/Pape-Sarr/stats?co=1&se=-1
Adam Parkes,https://www.premierleague.com/players/14984/Adam-Parkes/stats?co=1&se=-1
Troy Parrott,https://www.premierleague.com/players/43856/Troy-Parrott/stats?co=1&se=-1
Thomas Partey,https://www.premierleague.com/players/4936/Thomas-Partey/stats?co=1&se=-1
Maksim Paskotsi,https://www.premierleague.com/players/108924/Maksim-Paskotsi/stats?co=1&se=-1
Charlie Patino,https://www.premierleague.com/players/49490/Charlie-Patino/stats?co=1&se=-1
Nathan Patterson,https://www.premierleague.com/players/74585/Nathan-Patterson/stats?co=1&se=-1
Bailey Peacock-Farrell,https://www.premierleague.com/players/13485/Bailey-Peacock-Farrell/stats?co=1&se=-1
Myles Peart-Harris,https://www.premierleague.com/players/49494/Myles-Peart-Harris/stats?co=1&se=-1
Pedro Neto,https://www.premierleague.com/players/21998/Pedro-Neto/stats?co=1&se=-1
Facundo Pellistri,https://www.premierleague.com/players/108972/Facundo-Pellistri/stats?co=1&se=-1
Adalberto Peñaranda,https://www.premierleague.com/players/13825/Adalberto-Pe%C3%B1aranda/stats?co=1&se=-1
Nicolas Pépé,https://www.premierleague.com/players/50252/Nicolas-P%C3%A9p%C3%A9/stats?co=1&se=-1
Ayoze Pérez,https://www.premierleague.com/players/10487/Ayoze-P%C3%A9rez/stats?co=1&se=-1
Stipe Perica,https://www.premierleague.com/players/5181/Stipe-Perica/stats?co=1&se=-1
Sonny Perkins,https://www.premierleague.com/players/69617/Sonny-Perkins/stats?co=1&se=-1
Romain Perraud,https://www.premierleague.com/players/21495/Romain-Perraud/stats?co=1&se=-1
Taylor Perry,https://www.premierleague.com/players/20079/Taylor-Perry/stats?co=1&se=-1
Philippe Coutinho,https://www.premierleague.com/players/4525/Philippe-Coutinho/stats?co=1&se=-1
Kalvin Phillips,https://www.premierleague.com/players/10768/Kalvin-Phillips/stats?co=1&se=-1
Jaden Philogene-Bidace,https://www.premierleague.com/players/64519/Jaden-Philogene-Bidace/stats?co=1&se=-1
Jordan Pickford,https://www.premierleague.com/players/4640/Jordan-Pickford/stats?co=1&se=-1
Erik Pieters,https://www.premierleague.com/players/4821/Erik-Pieters/stats?co=1&se=-1
Ethan Pinnock,https://www.premierleague.com/players/22043/Ethan-Pinnock/stats?co=1&se=-1
Przemyslaw Placheta,https://www.premierleague.com/players/32700/Przemyslaw-Placheta/stats?co=1&se=-1
Luke Plange,https://www.premierleague.com/players/49476/Luke-Plange/stats?co=1&se=-1
Maurizio Pochettino,https://www.premierleague.com/players/24645/Maurizio-Pochettino/stats?co=1&se=-1
Paul Pogba,https://www.premierleague.com/players/3920/Paul-Pogba/stats?co=1&se=-1
Matthew Pollock,https://www.premierleague.com/players/53313/Matthew-Pollock/stats?co=1&se=-1
Nick Pope,https://www.premierleague.com/players/10079/Nick-Pope/stats?co=1&se=-1
Freddie Potts,https://www.premierleague.com/players/66560/Freddie-Potts/stats?co=1&se=-1
Ian Poveda-Ocampo,https://www.premierleague.com/players/19929/Ian-Poveda-Ocampo/stats?co=1&se=-1
Iker Pozo,https://www.premierleague.com/players/19923/Iker-Pozo/stats?co=1&se=-1
Dennis Praet,https://www.premierleague.com/players/5860/Dennis-Praet/stats?co=1&se=-1
Aaron Pressley,https://www.premierleague.com/players/23653/Aaron-Pressley/stats?co=1&se=-1
Isaac Price,https://www.premierleague.com/players/70216/Isaac-Price/stats?co=1&se=-1
Davy Pröpper,https://www.premierleague.com/players/16790/Davy-Pr%C3%B6pper/stats?co=1&se=-1
Teemu Pukki,https://www.premierleague.com/players/5169/Teemu-Pukki/stats?co=1&se=-1
Christian Pulisic,https://www.premierleague.com/players/15559/Christian-Pulisic/stats?co=1&se=-1
Ignacio Pussetto,https://www.premierleague.com/players/50960/Ignacio-Pussetto/stats?co=1&se=-1
Jarell Quansah,https://www.premierleague.com/players/51557/Jarell-Quansah/stats?co=1&se=-1
Xavi Quintillá,https://www.premierleague.com/players/36972/Xavi-Quintill%C3%A1/stats?co=1&se=-1
Luka Racic,https://www.premierleague.com/players/21760/Luka-Racic/stats?co=1&se=-1
Rafa Mir,https://www.premierleague.com/players/16270/Rafa-Mir/stats?co=1&se=-1
Arjan Raikhy,https://www.premierleague.com/players/66518/Arjan-Raikhy/stats?co=1&se=-1
Jesurun Rak-Sakyi,https://www.premierleague.com/players/49504/Jesurun-Rak-Sakyi/stats?co=1&se=-1
Kayne Ramsay,https://www.premierleague.com/players/24001/Kayne-Ramsay/stats?co=1&se=-1
Aaron Ramsdale,https://www.premierleague.com/players/13703/Aaron-Ramsdale/stats?co=1&se=-1
Jacob Ramsey,https://www.premierleague.com/players/19888/Jacob-Ramsey/stats?co=1&se=-1
Darren Randolph,https://www.premierleague.com/players/2216/Darren-Randolph/stats?co=1&se=-1
Raphinha,https://www.premierleague.com/players/24156/Raphinha/stats?co=1&se=-1
Marcus Rashford,https://www.premierleague.com/players/13565/Marcus-Rashford/stats?co=1&se=-1
Milot Rashica,https://www.premierleague.com/players/24128/Milot-Rashica/stats?co=1&se=-1
David Raya,https://www.premierleague.com/players/7975/David-Raya/stats?co=1&se=-1
Nathan Redmond,https://www.premierleague.com/players/3811/Nathan-Redmond/stats?co=1&se=-1
Sergio Reguilón,https://www.premierleague.com/players/39606/Sergio-Reguil%C3%B3n/stats?co=1&se=-1
Winston Reid,https://www.premierleague.com/players/4209/Winston-Reid/stats?co=1&se=-1
Omar Rekik,https://www.premierleague.com/players/76427/Omar-Rekik/stats?co=1&se=-1
Rhys Williams,https://www.premierleague.com/players/23813/Rhys-Williams/stats?co=1&se=-1
Ricardo Pereira,https://www.premierleague.com/players/5343/Ricardo-Pereira/stats?co=1&se=-1
Declan Rice,https://www.premierleague.com/players/15202/Declan-Rice/stats?co=1&se=-1
Taylor Richards,https://www.premierleague.com/players/19928/Taylor-Richards/stats?co=1&se=-1
Lewis Richardson,https://www.premierleague.com/players/67198/Lewis-Richardson/stats?co=1&se=-1
Richarlison,https://www.premierleague.com/players/24630/Richarlison/stats?co=1&se=-1
Jairo Riedewald,https://www.premierleague.com/players/4878/Jairo-Riedewald/stats?co=1&se=-1
Matt Ritchie,https://www.premierleague.com/players/3934/Matt-Ritchie/stats?co=1&se=-1
Roberto Firmino,https://www.premierleague.com/players/13511/Roberto-Firmino/stats?co=1&se=-1
Haydon Roberts,https://www.premierleague.com/players/24809/Haydon-Roberts/stats?co=1&se=-1
Andrew Robertson,https://www.premierleague.com/players/10458/Andrew-Robertson/stats?co=1&se=-1
Joe Rodon,https://www.premierleague.com/players/13796/Joe-Rodon/stats?co=1&se=-1
Rodri,https://www.premierleague.com/players/16286/Rodri/stats?co=1&se=-1
Rodrigo,https://www.premierleague.com/players/4095/Rodrigo/stats?co=1&se=-1
Jay Rodriguez,https://www.premierleague.com/players/3851/Jay-Rodriguez/stats?co=1&se=-1
Mads Roerslev,https://www.premierleague.com/players/21297/Mads-Roerslev/stats?co=1&se=-1
Morgan Rogers,https://www.premierleague.com/players/23968/Morgan-Rogers/stats?co=1&se=-1
Sergio Romero,https://www.premierleague.com/players/13555/Sergio-Romero/stats?co=1&se=-1
Oriol Romeu,https://www.premierleague.com/players/4286/Oriol-Romeu/stats?co=1&se=-1
Salomón Rondón,https://www.premierleague.com/players/6030/Salom%C3%B3n-Rond%C3%B3n/stats?co=1&se=-1
Danny Rose,https://www.premierleague.com/players/3507/Danny-Rose/stats?co=1&se=-1
Jonathan Rowe,https://www.premierleague.com/players/65782/Jonathan-Rowe/stats?co=1&se=-1
Rúben Dias,https://www.premierleague.com/players/16431/R%C3%BAben-Dias/stats?co=1&se=-1
Rúben Neves,https://www.premierleague.com/players/11180/R%C3%BAben-Neves/stats?co=1&se=-1
Rúben Vinagre,https://www.premierleague.com/players/20171/R%C3%BAben-Vinagre/stats?co=1&se=-1
John Ruddy,https://www.premierleague.com/players/2896/John-Ruddy/stats?co=1&se=-1
Antonio Rüdiger,https://www.premierleague.com/players/16801/Antonio-R%C3%BCdiger/stats?co=1&se=-1
Rui Patrício,https://www.premierleague.com/players/11341/Rui-Patr%C3%ADcio/stats?co=1&se=-1
Rúnar Alex Rúnarsson,https://www.premierleague.com/players/49716/R%C3%BAnar-Alex-R%C3%BAnarsson/stats?co=1&se=-1
Lukas Rupp,https://www.premierleague.com/players/25203/Lukas-Rupp/stats?co=1&se=-1
Mat Ryan,https://www.premierleague.com/players/12192/Mat-Ryan/stats?co=1&se=-1
Allan Saint-Maximin,https://www.premierleague.com/players/12817/Allan-Saint-Maximin/stats?co=1&se=-1
Romain Saïss,https://www.premierleague.com/players/20745/Romain-Sa%C3%AFss/stats?co=1&se=-1
Henri Saivet,https://www.premierleague.com/players/6251/Henri-Saivet/stats?co=1&se=-1
Bukayo Saka,https://www.premierleague.com/players/49481/Bukayo-Saka/stats?co=1&se=-1
Mamadou Sakho,https://www.premierleague.com/players/4796/Mamadou-Sakho/stats?co=1&se=-1
William Saliba,https://www.premierleague.com/players/66204/William-Saliba/stats?co=1&se=-1
Mohammed Salisu,https://www.premierleague.com/players/51775/Mohammed-Salisu/stats?co=1&se=-1
Mbwana Samatta,https://www.premierleague.com/players/20490/Mbwana-Samatta/stats?co=1&se=-1
Albert Sambi Lokonga,https://www.premierleague.com/players/31861/Albert-Sambi-Lokonga/stats?co=1&se=-1
Samir,https://www.premierleague.com/players/47181/Samir/stats?co=1&se=-1
Robert Sánchez,https://www.premierleague.com/players/14538/Robert-S%C3%A1nchez/stats?co=1&se=-1
Jadon Sancho,https://www.premierleague.com/players/14801/Jadon-Sancho/stats?co=1&se=-1
Dion Sanderson,https://www.premierleague.com/players/15218/Dion-Sanderson/stats?co=1&se=-1
Philippe Sandler,https://www.premierleague.com/players/33238/Philippe-Sandler/stats?co=1&se=-1
Morgan Sanson,https://www.premierleague.com/players/25068/Morgan-Sanson/stats?co=1&se=-1
Joshua Sargent,https://www.premierleague.com/players/51209/Joshua-Sargent/stats?co=1&se=-1
Matija Sarkic,https://www.premierleague.com/players/14463/Matija-Sarkic/stats?co=1&se=-1
Jeremy Sarmiento,https://www.premierleague.com/players/68857/Jeremy-Sarmiento/stats?co=1&se=-1
Malang Sarr,https://www.premierleague.com/players/20499/Malang-Sarr/stats?co=1&se=-1
Charlie Savage,https://www.premierleague.com/players/69417/Charlie-Savage/stats?co=1&se=-1
Dane Scarlett,https://www.premierleague.com/players/66570/Dane-Scarlett/stats?co=1&se=-1
Fabian Schär,https://www.premierleague.com/players/5220/Fabian-Sch%C3%A4r/stats?co=1&se=-1
Kjell Scherpen,https://www.premierleague.com/players/67189/Kjell-Scherpen/stats?co=1&se=-1
Jeffrey Schlupp,https://www.premierleague.com/players/8980/Jeffrey-Schlupp/stats?co=1&se=-1
Kasper Schmeichel,https://www.premierleague.com/players/2508/Kasper-Schmeichel/stats?co=1&se=-1
Ken Sema,https://www.premierleague.com/players/25089/Ken-Sema/stats?co=1&se=-1
Ryan Sessegnon,https://www.premierleague.com/players/14656/Ryan-Sessegnon/stats?co=1&se=-1
Meritan Shabani,https://www.premierleague.com/players/19844/Meritan-Shabani/stats?co=1&se=-1
Jamie Shackleton,https://www.premierleague.com/players/14393/Jamie-Shackleton/stats?co=1&se=-1
Xherdan Shaqiri,https://www.premierleague.com/players/5267/Xherdan-Shaqiri/stats?co=1&se=-1
Teddy Sharman-Lowe,https://www.premierleague.com/players/70241/Teddy-Sharman-Lowe/stats?co=1&se=-1
Luke Shaw,https://www.premierleague.com/players/4608/Luke-Shaw/stats?co=1&se=-1
Jonjo Shelvey,https://www.premierleague.com/players/4135/Jonjo-Shelvey/stats?co=1&se=-1
Nathan Shepperd,https://www.premierleague.com/players/23914/Nathan-Shepperd/stats?co=1&se=-1
Shola Shoretire,https://www.premierleague.com/players/64142/Shola-Shoretire/stats?co=1&se=-1
Sidnei Tavares,https://www.premierleague.com/players/23797/Sidnei-Tavares/stats?co=1&se=-1
Francisco Sierralta,https://www.premierleague.com/players/72119/Francisco-Sierralta/stats?co=1&se=-1
Gylfi Sigurdsson,https://www.premierleague.com/players/4421/Gylfi-Sigurdsson/stats?co=1&se=-1
Abdallah Sima,https://www.premierleague.com/players/108851/Abdallah-Sima/stats?co=1&se=-1
Dynel Simeu,https://www.premierleague.com/players/25529/Dynel-Simeu/stats?co=1&se=-1
Ellis Simms,https://www.premierleague.com/players/19925/Ellis-Simms/stats?co=1&se=-1
Kamarai Simon-Swyer,https://www.premierleague.com/players/51638/Kamarai-Simon-Swyer/stats?co=1&se=-1
Xavier Simons,https://www.premierleague.com/players/49502/Xavier-Simons/stats?co=1&se=-1
Danel Sinani,https://www.premierleague.com/players/52017/Danel-Sinani/stats?co=1&se=-1
Viljami Sinisalo,https://www.premierleague.com/players/52202/Viljami-Sinisalo/stats?co=1&se=-1
Moussa Sissoko,https://www.premierleague.com/players/4549/Moussa-Sissoko/stats?co=1&se=-1
Melvin Sitti,https://www.premierleague.com/players/74743/Melvin-Sitti/stats?co=1&se=-1
Oliver Skipp,https://www.premierleague.com/players/21413/Oliver-Skipp/stats?co=1&se=-1
Cieran Slicker,https://www.premierleague.com/players/53075/Cieran-Slicker/stats?co=1&se=-1
Thierry Small,https://www.premierleague.com/players/75104/Thierry-Small/stats?co=1&se=-1
William Smallbone,https://www.premierleague.com/players/14997/William-Smallbone/stats?co=1&se=-1
Tom Smith,https://www.premierleague.com/players/23901/Tom-Smith/stats?co=1&se=-1
Emile Smith Rowe,https://www.premierleague.com/players/14445/Emile-Smith-Rowe/stats?co=1&se=-1
Son Heung-Min,https://www.premierleague.com/players/4999/Son-Heung-Min/stats?co=1&se=-1
Andreas Söndergaard,https://www.premierleague.com/players/49158/Andreas-S%C3%B6ndergaard/stats?co=1&se=-1
Jude Soonsup-Bell,https://www.premierleague.com/players/68634/Jude-Soonsup-Bell/stats?co=1&se=-1
Sebastian Soto,https://www.premierleague.com/players/76262/Sebastian-Soto/stats?co=1&se=-1
Tomas Soucek,https://www.premierleague.com/players/25183/Tomas-Soucek/stats?co=1&se=-1
Boubakary Soumaré,https://www.premierleague.com/players/50247/Boubakary-Soumar%C3%A9/stats?co=1&se=-1
Kamal Sowah,https://www.premierleague.com/players/110255/Kamal-Sowah/stats?co=1&se=-1
Çaglar Söyüncü,https://www.premierleague.com/players/26216/%C3%87aglar-S%C3%B6y%C3%BCnc%C3%BC/stats?co=1&se=-1
Jason Steele,https://www.premierleague.com/players/3457/Jason-Steele/stats?co=1&se=-1
Jed Steer,https://www.premierleague.com/players/4348/Jed-Steer/stats?co=1&se=-1
Zack Steffen,https://www.premierleague.com/players/54392/Zack-Steffen/stats?co=1&se=-1
Dale Stephens,https://www.premierleague.com/players/8168/Dale-Stephens/stats?co=1&se=-1
Dujon Sterling,https://www.premierleague.com/players/14572/Dujon-Sterling/stats?co=1&se=-1
Finley Stevens,https://www.premierleague.com/players/49477/Finley-Stevens/stats?co=1&se=-1
Toby Stevenson,https://www.premierleague.com/players/32288/Toby-Stevenson/stats?co=1&se=-1
Marco Stiepermann,https://www.premierleague.com/players/23199/Marco-Stiepermann/stats?co=1&se=-1
Jakub Stolarczyk,https://www.premierleague.com/players/25444/Jakub-Stolarczyk/stats?co=1&se=-1
John Stones,https://www.premierleague.com/players/4505/John-Stones/stats?co=1&se=-1
James Storer,https://www.premierleague.com/players/109735/James-Storer/stats?co=1&se=-1
Robert Street,https://www.premierleague.com/players/49152/Robert-Street/stats?co=1&se=-1
Pascal Struijk,https://www.premierleague.com/players/33124/Pascal-Struijk/stats?co=1&se=-1
Stuart Armstrong,https://www.premierleague.com/players/12186/Stuart-Armstrong/stats?co=1&se=-1
Isaac Success,https://www.premierleague.com/players/19618/Isaac-Success/stats?co=1&se=-1
Thanawat Suengchitthawon,https://www.premierleague.com/players/92693/Thanawat-Suengchitthawon/stats?co=1&se=-1
Crysencio Summerville,https://www.premierleague.com/players/65961/Crysencio-Summerville/stats?co=1&se=-1
Sil Swinkels,https://www.premierleague.com/players/98302/Sil-Swinkels/stats?co=1&se=-1
Jacob Sørensen,https://www.premierleague.com/players/76261/Jacob-S%C3%B8rensen/stats?co=1&se=-1
Michael Tait,https://www.premierleague.com/players/19893/Michael-Tait/stats?co=1&se=-1
Japhet Tanganga,https://www.premierleague.com/players/15116/Japhet-Tanganga/stats?co=1&se=-1
Matt Targett,https://www.premierleague.com/players/4815/Matt-Targett/stats?co=1&se=-1
James Tarkowski,https://www.premierleague.com/players/8143/James-Tarkowski/stats?co=1&se=-1
Percy Tau,https://www.premierleague.com/players/40320/Percy-Tau/stats?co=1&se=-1
Neil Taylor,https://www.premierleague.com/players/4402/Neil-Taylor/stats?co=1&se=-1
Allan Tchaptchet,https://www.premierleague.com/players/35781/Allan-Tchaptchet/stats?co=1&se=-1
Nathan Tella,https://www.premierleague.com/players/14452/Nathan-Tella/stats?co=1&se=-1
Thiago,https://www.premierleague.com/players/5264/Thiago/stats?co=1&se=-1
Thiago Silva,https://www.premierleague.com/players/5754/Thiago-Silva/stats?co=1&se=-1
Bobby Thomas,https://www.premierleague.com/players/63836/Bobby-Thomas/stats?co=1&se=-1
Dominic Thompson,https://www.premierleague.com/players/19869/Dominic-Thompson/stats?co=1&se=-1
Youri Tielemans,https://www.premierleague.com/players/5865/Youri-Tielemans/stats?co=1&se=-1
Kieran Tierney,https://www.premierleague.com/players/12185/Kieran-Tierney/stats?co=1&se=-1
Tom Dele-Bashiru,https://www.premierleague.com/players/14778/Tom-Dele-Bashiru/stats?co=1&se=-1
Takehiro Tomiyasu,https://www.premierleague.com/players/115169/Takehiro-Tomiyasu/stats?co=1&se=-1
James Tomkins,https://www.premierleague.com/players/3517/James-Tomkins/stats?co=1&se=-1
Jonathan Tomkinson,https://www.premierleague.com/players/66588/Jonathan-Tomkinson/stats?co=1&se=-1
Fikayo Tomori,https://www.premierleague.com/players/13281/Fikayo-Tomori/stats?co=1&se=-1
Ivan Toney,https://www.premierleague.com/players/9246/Ivan-Toney/stats?co=1&se=-1
Lucas Torreira,https://www.premierleague.com/players/23033/Lucas-Torreira/stats?co=1&se=-1
Ferran Torres,https://www.premierleague.com/players/43098/Ferran-Torres/stats?co=1&se=-1
Cenk Tosun,https://www.premierleague.com/players/12114/Cenk-Tosun/stats?co=1&se=-1
Toti,https://www.premierleague.com/players/92635/Toti/stats?co=1&se=-1
Andros Townsend,https://www.premierleague.com/players/3724/Andros-Townsend/stats?co=1&se=-1
James Trafford,https://www.premierleague.com/players/32280/James-Trafford/stats?co=1&se=-1
Bertrand Traoré,https://www.premierleague.com/players/10394/Bertrand-Traor%C3%A9/stats?co=1&se=-1
Trézéguet,https://www.premierleague.com/players/16087/Tr%C3%A9z%C3%A9guet/stats?co=1&se=-1
Trincão,https://www.premierleague.com/players/67454/Trinc%C3%A3o/stats?co=1&se=-1
Kieran Trippier,https://www.premierleague.com/players/3905/Kieran-Trippier/stats?co=1&se=-1
William Troost-Ekong,https://www.premierleague.com/players/21612/William-Troost-Ekong/stats?co=1&se=-1
Leandro Trossard,https://www.premierleague.com/players/20486/Leandro-Trossard/stats?co=1&se=-1
Nathan Trott,https://www.premierleague.com/players/20051/Nathan-Trott/stats?co=1&se=-1
Auston Trusty,https://www.premierleague.com/players/54831/Auston-Trusty/stats?co=1&se=-1
Tom Trybull,https://www.premierleague.com/players/24412/Tom-Trybull/stats?co=1&se=-1
Konstantinos Tsimikas,https://www.premierleague.com/players/16006/Konstantinos-Tsimikas/stats?co=1&se=-1
Antef Tsoungui,https://www.premierleague.com/players/51484/Antef-Tsoungui/stats?co=1&se=-1
Axel Tuanzebe,https://www.premierleague.com/players/13559/Axel-Tuanzebe/stats?co=1&se=-1
Ozan Tufan,https://www.premierleague.com/players/15791/Ozan-Tufan/stats?co=1&se=-1
Ed Turns,https://www.premierleague.com/players/49173/Ed-Turns/stats?co=1&se=-1
Harry Tyrer,https://www.premierleague.com/players/43940/Harry-Tyrer/stats?co=1&se=-1
Christos Tzolis,https://www.premierleague.com/players/67704/Christos-Tzolis/stats?co=1&se=-1
Iké Ugbo,https://www.premierleague.com/players/14593/Ik%C3%A9-Ugbo/stats?co=1&se=-1
Deniz Undav,https://www.premierleague.com/players/114957/Deniz-Undav/stats?co=1&se=-1
Cengiz Ünder,https://www.premierleague.com/players/23612/Cengiz-%C3%9Cnder/stats?co=1&se=-1
Harvey Vale,https://www.premierleague.com/players/67201/Harvey-Vale/stats?co=1&se=-1
Joel Valencia,https://www.premierleague.com/players/37931/Joel-Valencia/stats?co=1&se=-1
Yan Valery,https://www.premierleague.com/players/15011/Yan-Valery/stats?co=1&se=-1
Patrick van Aanholt,https://www.premierleague.com/players/3362/Patrick-van-Aanholt/stats?co=1&se=-1
Donny van de Beek,https://www.premierleague.com/players/11031/Donny-van-de-Beek/stats?co=1&se=-1
Virgil van Dijk,https://www.premierleague.com/players/5140/Virgil-van-Dijk/stats?co=1&se=-1
Mikki van Sas,https://www.premierleague.com/players/99280/Mikki-van-Sas/stats?co=1&se=-1
Raphaël Varane,https://www.premierleague.com/players/5782/Rapha%C3%ABl-Varane/stats?co=1&se=-1
Jamie Vardy,https://www.premierleague.com/players/8979/Jamie-Vardy/stats?co=1&se=-1
Indiana Vassilev,https://www.premierleague.com/players/31670/Indiana-Vassilev/stats?co=1&se=-1
Joël Veltman,https://www.premierleague.com/players/4874/Jo%C3%ABl-Veltman/stats?co=1&se=-1
Jannik Vestergaard,https://www.premierleague.com/players/20109/Jannik-Vestergaard/stats?co=1&se=-1
Vitinha,https://www.premierleague.com/players/67634/Vitinha/stats?co=1&se=-1
Nikola Vlasic,https://www.premierleague.com/players/25312/Nikola-Vlasic/stats?co=1&se=-1
Jake Vokins,https://www.premierleague.com/players/15013/Jake-Vokins/stats?co=1&se=-1
Mario Vrancic,https://www.premierleague.com/players/22040/Mario-Vrancic/stats?co=1&se=-1
Matej Vydra,https://www.premierleague.com/players/4851/Matej-Vydra/stats?co=1&se=-1
Theo Walcott,https://www.premierleague.com/players/2839/Theo-Walcott/stats?co=1&se=-1
Jake Walker,https://www.premierleague.com/players/14467/Jake-Walker/stats?co=1&se=-1
Kyle Walker-Peters,https://www.premierleague.com/players/13815/Kyle-Walker-Peters/stats?co=1&se=-1
Christian Walton,https://www.premierleague.com/players/8159/Christian-Walton/stats?co=1&se=-1
Aaron Wan-Bissaka,https://www.premierleague.com/players/14164/Aaron-Wan-Bissaka/stats?co=1&se=-1
Wanya Marçal-Madivadua,https://www.premierleague.com/players/51545/Wanya-Mar%C3%A7al-Madivadua/stats?co=1&se=-1
Joel Ward,https://www.premierleague.com/players/3929/Joel-Ward/stats?co=1&se=-1
James Ward-Prowse,https://www.premierleague.com/players/4617/James-Ward-Prowse/stats?co=1&se=-1
Ollie Watkins,https://www.premierleague.com/players/8658/Ollie-Watkins/stats?co=1&se=-1
Caleb Watts,https://www.premierleague.com/players/51238/Caleb-Watts/stats?co=1&se=-1
Adam Webster,https://www.premierleague.com/players/9426/Adam-Webster/stats?co=1&se=-1
Wout Weghorst,https://www.premierleague.com/players/20261/Wout-Weghorst/stats?co=1&se=-1
Jensen Weir,https://www.premierleague.com/players/31046/Jensen-Weir/stats?co=1&se=-1
Danny Welbeck,https://www.premierleague.com/players/3452/Danny-Welbeck/stats?co=1&se=-1
Reece Welch,https://www.premierleague.com/players/66578/Reece-Welch/stats?co=1&se=-1
Jack Wells-Morrison,https://www.premierleague.com/players/107826/Jack-Wells-Morrison/stats?co=1&se=-1
Timo Werner,https://www.premierleague.com/players/23599/Timo-Werner/stats?co=1&se=-1
Wesley,https://www.premierleague.com/players/15580/Wesley/stats?co=1&se=-1
Ashley Westwood,https://www.premierleague.com/players/4489/Ashley-Westwood/stats?co=1&se=-1
Charlie Whitaker,https://www.premierleague.com/players/69653/Charlie-Whitaker/stats?co=1&se=-1
Benjamin White,https://www.premierleague.com/players/14548/Benjamin-White/stats?co=1&se=-1
Alfie Whiteman,https://www.premierleague.com/players/15111/Alfie-Whiteman/stats?co=1&se=-1
Connor Wickham,https://www.premierleague.com/players/4396/Connor-Wickham/stats?co=1&se=-1
Georginio Wijnaldum,https://www.premierleague.com/players/7114/Georginio-Wijnaldum/stats?co=1&se=-1
Neco Williams,https://www.premierleague.com/players/23811/Neco-Williams/stats?co=1&se=-1
Willian,https://www.premierleague.com/players/4748/Willian/stats?co=1&se=-1
Willian José,https://www.premierleague.com/players/5806/Willian-Jos%C3%A9/stats?co=1&se=-1
Joseph Willock,https://www.premierleague.com/players/14446/Joseph-Willock/stats?co=1&se=-1
Ben Wilmot,https://www.premierleague.com/players/20929/Ben-Wilmot/stats?co=1&se=-1
Harry Wilson,https://www.premierleague.com/players/13961/Harry-Wilson/stats?co=1&se=-1
Joshua Wilson-Esbrand,https://www.premierleague.com/players/48690/Joshua-Wilson-Esbrand/stats?co=1&se=-1
Harry Winks,https://www.premierleague.com/players/7488/Harry-Winks/stats?co=1&se=-1
Yoane Wissa,https://www.premierleague.com/players/117497/Yoane-Wissa/stats?co=1&se=-1
Max Woltman,https://www.premierleague.com/players/51563/Max-Woltman/stats?co=1&se=-1
Chris Wood,https://www.premierleague.com/players/3756/Chris-Wood/stats?co=1&se=-1
Ben Woodburn,https://www.premierleague.com/players/14758/Ben-Woodburn/stats?co=1&se=-1
Freddie Woodman,https://www.premierleague.com/players/10479/Freddie-Woodman/stats?co=1&se=-1
Sam Woods,https://www.premierleague.com/players/14149/Sam-Woods/stats?co=1&se=-1
Xande Silva,https://www.premierleague.com/players/24151/Xande-Silva/stats?co=1&se=-1
Granit Xhaka,https://www.premierleague.com/players/12136/Granit-Xhaka/stats?co=1&se=-1
Yan Couto,https://www.premierleague.com/players/78211/Yan-Couto/stats?co=1&se=-1
Romaric Yapi,https://www.premierleague.com/players/66506/Romaric-Yapi/stats?co=1&se=-1
Andriy Yarmolenko,https://www.premierleague.com/players/6389/Andriy-Yarmolenko/stats?co=1&se=-1
Brad Young,https://www.premierleague.com/players/62919/Brad-Young/stats?co=1&se=-1
Nathan Young-Coombes,https://www.premierleague.com/players/51226/Nathan-Young-Coombes/stats?co=1&se=-1
Wilfried Zaha,https://www.premierleague.com/players/4539/Wilfried-Zaha/stats?co=1&se=-1
Jan Zamburek,https://www.premierleague.com/players/64074/Jan-Zamburek/stats?co=1&se=-1
Zanka,https://www.premierleague.com/players/7103/Zanka/stats?co=1&se=-1
Davide Zappacosta,https://www.premierleague.com/players/25313/Davide-Zappacosta/stats?co=1&se=-1
Andi Zeqiri,https://www.premierleague.com/players/50230/Andi-Zeqiri/stats?co=1&se=-1
Zidane Iqbal,https://www.premierleague.com/players/70136/Zidane-Iqbal/stats?co=1&se=-1
Karlo Ziger,https://www.premierleague.com/players/24220/Karlo-Ziger/stats?co=1&se=-1
Christoph Zimmermann,https://www.premierleague.com/players/22047/Christoph-Zimmermann/stats?co=1&se=-1
Oleksandr Zinchenko,https://www.premierleague.com/players/19620/Oleksandr-Zinchenko/stats?co=1&se=-1
Philip Zinckernagel,https://www.premierleague.com/players/42709/Philip-Zinckernagel/stats?co=1&se=-1
Hakim Ziyech,https://www.premierleague.com/players/20750/Hakim-Ziyech/stats?co=1&se=-1
Kurt Zouma,https://www.premierleague.com/players/5175/Kurt-Zouma/stats?co=1&se=-1
Oliwier Zych,https://www.premierleague.com/players/107891/Oliwier-Zych/stats?co=1&se=-1
Martin Ødegaard,https://www.premierleague.com/players/11419/Martin-%C3%98degaard/stats?co=1&se=-1
Leo Østigard,https://www.premierleague.com/players/51436/Leo-%C3%98stigard/stats?co=1&se=-1
